zone_id,water_consumption
ZONE_050,472.6200681855797
ZONE_038,667.9911532269427
ZONE_005,486.2119925016043
ZONE_033,438.6486463365057
ZONE_002,482.4992999365223
ZONE_041,355.56273366893106
ZONE_039,549.6655832119538
ZONE_005,497.5104148388309
ZONE_023,383.9631643098808
ZONE_023,372.0148513725136
ZONE_037,297.1130935132555
ZONE_035,233.99485466886657
ZONE_004,415.53430966235396
ZONE_006,512.2207204326014
ZONE_044,526.590794656029
ZONE_006,534.1044564872685
ZONE_028,257.3404673522877
ZONE_013,394.0016581754477
ZONE_007,405.0914883584264
ZONE_038,658.734338433362
ZONE_032,643.1572133712065
ZONE_037,338.18368474320033
ZONE_048,300.84426987341607
ZONE_022,444.22047447389645
ZONE_035,231.12412964559823
ZONE_048,443.3445854080874
ZONE_040,589.9128325243906
ZONE_019,357.1597021941918
ZONE_024,731.6137994816585
ZONE_033,381.71667396157835
ZONE_001,551.9932131643637
ZONE_020,448.0586669126974
ZONE_007,460.76460574730646
ZONE_047,453.9825514477771
ZONE_050,601.7516919898017
ZONE_043,377.3340929531762
ZONE_002,505.16859601488017
ZONE_038,625.2279320650531
ZONE_050,635.4535925013508
ZONE_032,569.279076223317
ZONE_005,485.9827163120569
ZONE_040,547.643596497703
ZONE_041,442.9161996370224
ZONE_044,547.2927601766208
ZONE_002,447.6527955000874
ZONE_043,367.56521370005953
ZONE_003,489.2251373514962
ZONE_014,350.9613966901763
ZONE_050,522.3077470763187
ZONE_022,425.1485823650364
ZONE_007,450.39610307028653
ZONE_033,451.8359528350214
ZONE_036,462.8267107814401
ZONE_015,358.1659525359555
ZONE_018,388.83605146440976
ZONE_033,434.54277446397003
ZONE_008,492.76506866988433
ZONE_015,378.9921652207259
ZONE_031,474.65580411031027
ZONE_028,284.0367354325171
ZONE_046,443.76670545155315
ZONE_006,586.4972144192074
ZONE_044,529.9314058642037
ZONE_036,418.44406552775297
ZONE_048,377.14230559326325
ZONE_040,611.9698028886645
ZONE_009,443.33193276587065
ZONE_039,474.99779278558344
ZONE_004,353.387572215093
ZONE_039,623.8989410471496
ZONE_041,344.81466379442134
ZONE_017,672.0075141533966
ZONE_017,612.0895222081991
ZONE_019,274.5037651208573
ZONE_016,631.5981368695051
ZONE_021,440.4651710708502
ZONE_032,612.2898113806422
ZONE_027,365.02128478535917
ZONE_021,514.745047075265
ZONE_013,409.13752686594825
ZONE_037,298.50916030838215
ZONE_017,563.854677183266
ZONE_022,401.0101218099537
ZONE_037,269.48581011666323
ZONE_020,448.4681011259197
ZONE_049,350.18758706723014
ZONE_021,420.40135551470354
ZONE_045,341.02700174158423
ZONE_011,413.74056590008047
ZONE_043,361.81061801500573
ZONE_018,538.7200253829769
ZONE_004,408.72294496728364
ZONE_036,431.8991307231508
ZONE_040,542.8386905446563
ZONE_050,536.2631857867867
ZONE_002,485.4755994159098
ZONE_005,501.9490888481455
ZONE_037,358.89996147122076
ZONE_034,489.04038583165413
ZONE_036,312.7826311211059
ZONE_046,510.48879432644134
ZONE_007,405.14974135780244
ZONE_041,317.96898872349243
ZONE_031,477.8148888008537
ZONE_030,388.7358813924977
ZONE_013,357.04527307817216
ZONE_033,444.4375025792277
ZONE_029,683.7706843063534
ZONE_011,406.0197946069181
ZONE_012,394.4489971560218
ZONE_029,622.7709431531106
ZONE_027,291.18528025736737
ZONE_027,405.58329197575455
ZONE_047,491.2005717481806
ZONE_013,416.29232351901936
ZONE_020,526.2396296042847
ZONE_004,431.57431131102
ZONE_011,440.2787213425973
ZONE_017,555.9687572477671
ZONE_040,628.4776824839686
ZONE_050,555.4448888810324
ZONE_014,339.4283026803242
ZONE_014,269.2765547511017
ZONE_029,697.549824980931
ZONE_027,278.7802784768211
ZONE_024,649.5509008139466
ZONE_036,402.40110126584227
ZONE_042,526.8275440524033
ZONE_003,461.27911773077585
ZONE_005,519.137317688586
ZONE_013,407.92127408386546
ZONE_005,435.4179230710339
ZONE_034,545.6254623291072
ZONE_048,468.0179979405721
ZONE_007,457.27944518673286
ZONE_009,484.83183694505374
ZONE_034,482.79953200616603
ZONE_028,303.1299663976013
ZONE_002,500.36982508528524
ZONE_050,598.2497219488423
ZONE_028,324.7737109912264
ZONE_045,231.43399747327874
ZONE_038,672.2595094997159
ZONE_004,348.73698843050477
ZONE_024,626.598544462666
ZONE_002,508.0644029043362
ZONE_038,703.9956367734064
ZONE_045,295.12303122916774
ZONE_033,437.1038788413409
ZONE_024,629.3326670471379
ZONE_033,377.4861384934586
ZONE_034,548.07756531272
ZONE_017,525.2040343436817
ZONE_046,410.959156870158
ZONE_020,474.83181829790925
ZONE_041,342.93402397702295
ZONE_020,366.0955402970056
ZONE_023,386.8007854533407
ZONE_044,563.9951285386951
ZONE_005,435.65586803243025
ZONE_030,352.2884611484766
ZONE_021,400.7987917823811
ZONE_038,708.5095100468616
ZONE_038,670.8649796809424
ZONE_017,613.151677453741
ZONE_015,355.87481279434155
ZONE_019,370.7325072862841
ZONE_027,333.4448493380534
ZONE_018,398.872893922032
ZONE_023,396.80310552692515
ZONE_044,555.0217956658497
ZONE_009,476.8539185280048
ZONE_019,394.88292777578033
ZONE_039,472.55109013670966
ZONE_047,412.77206778854895
ZONE_037,231.42149191854634
ZONE_002,422.12379996748973
ZONE_031,485.33797300855906
ZONE_032,611.1338253999868
ZONE_017,666.0224118311946
ZONE_043,453.0724238674606
ZONE_026,519.7298777710145
ZONE_042,388.5832876004143
ZONE_021,498.2589355424149
ZONE_019,364.87086681373415
ZONE_015,326.529966772911
ZONE_039,481.84242553004333
ZONE_041,364.4500615310039
ZONE_004,380.3444403487935
ZONE_009,474.1440090224502
ZONE_033,472.124289288684
ZONE_039,544.6624332292446
ZONE_027,339.9299867060136
ZONE_048,310.70919270535165
ZONE_003,474.0739729841614
ZONE_002,546.2542434681318
ZONE_001,539.4188212214813
ZONE_004,421.9096770004966
ZONE_019,441.58782885159184
ZONE_001,587.8105815578106
ZONE_036,392.56404587349044
ZONE_015,366.5611211524091
ZONE_042,471.08317781037476
ZONE_001,587.941237941918
ZONE_022,459.2601147357278
ZONE_013,390.0607672746583
ZONE_012,346.2100194676383
ZONE_018,520.9951899132639
ZONE_002,485.85364914480874
ZONE_045,290.56442783794006
ZONE_047,438.9774866831392
ZONE_007,436.47815040506663
ZONE_019,331.8261211730317
ZONE_034,545.9845570997294
ZONE_001,529.5602376277685
ZONE_046,524.7348435315353
ZONE_034,542.3294831553856
ZONE_018,523.5315630979186
ZONE_047,422.56309932231363
ZONE_005,481.60847216834964
ZONE_014,413.52976781425053
ZONE_029,612.8308713835661
ZONE_024,674.5462942946392
ZONE_011,515.6252669282118
ZONE_027,348.7044700131071
ZONE_022,431.973940744429
ZONE_045,357.3051186572338
ZONE_011,414.2290787840786
ZONE_021,407.6740318790741
ZONE_036,354.67965874496326
ZONE_004,369.040285041428
ZONE_044,497.21130101816556
ZONE_042,465.16617511624065
ZONE_017,578.0081382999807
ZONE_002,505.18855911127713
ZONE_020,400.078724098384
ZONE_011,508.79521918348456
ZONE_034,419.8442994174925
ZONE_002,464.5103699957688
ZONE_045,326.08483380446137
ZONE_025,548.8331475599606
ZONE_013,347.55426248220743
ZONE_017,510.44637814679817
ZONE_032,594.6561384771044
ZONE_047,414.62169227834863
ZONE_014,355.41683799552237
ZONE_021,526.86642092408
ZONE_033,406.0728805691163
ZONE_016,581.8048377016776
ZONE_048,366.98964607005206
ZONE_022,464.58897181900994
ZONE_011,446.8223697460959
ZONE_029,688.623723814006
ZONE_026,570.9378475632084
ZONE_021,437.22473696499486
ZONE_019,385.85962120460084
ZONE_048,375.012529581043
ZONE_039,596.2019567301974
ZONE_015,250.0841724801413
ZONE_031,466.1178834878399
ZONE_042,472.6614238012984
ZONE_050,470.72516132947186
ZONE_049,267.5294653920471
ZONE_031,436.09764268635024
ZONE_050,560.96241843046
ZONE_027,404.4579994630426
ZONE_007,377.85623559404974
ZONE_009,475.2553541241624
ZONE_014,342.4814685364345
ZONE_030,373.94291079143375
ZONE_001,559.2354146964235
ZONE_017,558.771508598192
ZONE_001,535.445020625933
ZONE_043,371.06830064215814
ZONE_018,524.3584348985726
ZONE_045,292.94481524125825
ZONE_024,617.1268043628907
ZONE_045,271.8653077708695
ZONE_018,364.8954101191929
ZONE_020,520.6201431628102
ZONE_028,316.0810459462658
ZONE_050,507.0399718531443
ZONE_038,736.7678751984134
ZONE_013,361.1981824643153
ZONE_038,658.8764071401996
ZONE_040,624.3879362835158
ZONE_050,531.2061336443454
ZONE_001,539.3035892714926
ZONE_012,402.42168630857196
ZONE_033,436.2374878640983
ZONE_044,578.5053939683572
ZONE_046,565.6587415784686
ZONE_037,311.11099468336573
ZONE_012,457.8203951806193
ZONE_021,436.63599303049324
ZONE_002,431.49882933438903
ZONE_006,586.5590475717075
ZONE_048,421.2976820629067
ZONE_002,502.5438247011791
ZONE_023,441.77464818698337
ZONE_035,264.91107681812923
ZONE_047,390.66261387679106
ZONE_050,515.8880937912094
ZONE_043,298.01769323189995
ZONE_038,673.5694001895986
ZONE_017,578.1423819195049
ZONE_005,530.5595669072654
ZONE_010,529.7932123211282
ZONE_011,455.287054068076
ZONE_040,613.2497013709776
ZONE_031,505.75054314917793
ZONE_003,457.9766574259285
ZONE_023,398.92402101667307
ZONE_031,470.3234297726072
ZONE_049,296.32604400038315
ZONE_038,674.0789417164956
ZONE_033,437.6953008146123
ZONE_023,385.327725004897
ZONE_047,439.7435205347961
ZONE_024,664.6268331362252
ZONE_017,613.0260454586006
ZONE_008,525.9287127790743
ZONE_034,424.4937770872909
ZONE_015,281.78670736793714
ZONE_016,643.280872722085
ZONE_027,268.1617591787485
ZONE_027,398.1189003948459
ZONE_017,480.3663506305672
ZONE_022,569.5676878215061
ZONE_021,378.38567503028463
ZONE_005,477.8003167275391
ZONE_038,625.3948962424744
ZONE_029,675.2582091009835
ZONE_006,503.0416605357132
ZONE_011,518.8860413052801
ZONE_026,494.2931556972919
ZONE_040,658.0282879216462
ZONE_015,314.67331369898557
ZONE_036,402.1502116528755
ZONE_008,523.644965032334
ZONE_033,442.0298763180402
ZONE_036,399.1170197202795
ZONE_048,307.44600456550836
ZONE_024,713.1592065667178
ZONE_008,519.9507442172417
ZONE_032,591.4257416793141
ZONE_024,653.4510196741421
ZONE_019,367.69027296470415
ZONE_035,285.5917894239372
ZONE_023,342.21193818939764
ZONE_032,593.8790486748774
ZONE_047,459.5358545665336
ZONE_050,483.3460795286562
ZONE_025,603.1609534871293
ZONE_017,519.0560105580319
ZONE_001,519.7790584531577
ZONE_041,341.71649504623156
ZONE_048,469.2832812632816
ZONE_042,531.3554155606031
ZONE_039,528.8537289604528
ZONE_048,434.21128729455995
ZONE_042,434.3850912609365
ZONE_042,529.8060998740413
ZONE_017,598.096803266185
ZONE_044,490.045566859891
ZONE_017,568.6374685291999
ZONE_028,288.3364641987194
ZONE_025,494.6981466986625
ZONE_018,466.3921149774295
ZONE_039,568.7936312570941
ZONE_044,571.9122244149661
ZONE_031,510.84742590268047
ZONE_040,630.3781090862512
ZONE_018,472.3213270989778
ZONE_049,292.67693736625534
ZONE_047,430.14762837837924
ZONE_043,407.149492754276
ZONE_012,390.0239124495386
ZONE_039,414.67271503856887
ZONE_049,324.7167092818509
ZONE_015,273.85129606234614
ZONE_034,530.2629740477537
ZONE_037,275.74252614822234
ZONE_014,364.33982149498274
ZONE_003,489.549704834023
ZONE_008,630.88429679685
ZONE_030,510.87061708517285
ZONE_047,468.8952363375996
ZONE_037,280.632956458283
ZONE_003,376.588687781745
ZONE_018,495.68430041317356
ZONE_005,490.5854700521344
ZONE_001,461.9724836404471
ZONE_016,654.1855583968776
ZONE_022,480.15678769571275
ZONE_036,350.1479311239304
ZONE_037,227.4081613591995
ZONE_043,420.34042643287603
ZONE_046,534.3083225864754
ZONE_044,604.6814848280189
ZONE_012,396.02238407185075
ZONE_037,274.85651461849585
ZONE_010,497.58127386414395
ZONE_035,222.88488362602118
ZONE_008,537.6579986373729
ZONE_017,560.2352108362207
ZONE_011,461.0374432303189
ZONE_025,589.4075279295354
ZONE_048,376.205475332738
ZONE_011,467.0996898370784
ZONE_021,410.532315737875
ZONE_026,552.2534137111734
ZONE_032,624.7902954330982
ZONE_017,592.820606696832
ZONE_050,607.5359932683252
ZONE_032,571.1214472532866
ZONE_010,554.5898855330684
ZONE_019,401.417383543608
ZONE_006,550.4051961085582
ZONE_009,409.4792393495711
ZONE_039,540.5071673408231
ZONE_013,411.9068254263651
ZONE_015,309.71217268757965
ZONE_028,306.05310476779584
ZONE_001,556.5589093148861
ZONE_009,404.008441367052
ZONE_050,523.9706345253904
ZONE_015,320.12294034127257
ZONE_026,551.2674787040838
ZONE_025,545.5512368540425
ZONE_010,483.7142191836647
ZONE_032,525.7350469099281
ZONE_037,265.6725300998141
ZONE_034,482.96017791811414
ZONE_041,443.3343251000897
ZONE_047,359.7195297119637
ZONE_045,300.613974911816
ZONE_007,410.2431245591059
ZONE_029,596.0093656197887
ZONE_033,280.1752196959394
ZONE_037,253.37533577942503
ZONE_037,292.0932159729078
ZONE_023,342.14520109038205
ZONE_030,479.73629857901955
ZONE_023,397.29498049456583
ZONE_020,392.59018917325704
ZONE_017,612.4007030236794
ZONE_039,527.4392119839305
ZONE_017,555.314085199907
ZONE_001,581.3417185156908
ZONE_029,665.2849511236033
ZONE_026,536.2721213536239
ZONE_002,553.4229082634305
ZONE_045,226.73666631843557
ZONE_035,241.54050050237052
ZONE_012,434.58966037925325
ZONE_010,589.1088782047756
ZONE_013,396.23117621345494
ZONE_039,495.7329628872027
ZONE_025,563.541450837722
ZONE_050,494.3941693642722
ZONE_037,283.0113192259707
ZONE_006,665.9113022102397
ZONE_027,394.04107733989485
ZONE_014,339.39344786318344
ZONE_027,296.6488604950111
ZONE_022,457.509471361446
ZONE_036,400.5985489852134
ZONE_007,434.26357806379826
ZONE_045,331.3314959356212
ZONE_045,232.67422068087663
ZONE_006,553.4411397051467
ZONE_031,537.0730124284664
ZONE_017,586.3722989783103
ZONE_007,441.03787227948726
ZONE_013,413.60999033415726
ZONE_049,332.1668537487625
ZONE_022,494.44778596213655
ZONE_015,284.1967945448008
ZONE_043,431.83226513811024
ZONE_050,569.1715985326073
ZONE_031,483.01097002126915
ZONE_011,503.11320923375484
ZONE_021,359.07753957107593
ZONE_001,533.3320594303738
ZONE_043,375.20481079747236
ZONE_023,451.9314167153597
ZONE_029,688.519023180843
ZONE_001,530.6420504679929
ZONE_028,204.34923367937762
ZONE_039,489.29743013185015
ZONE_008,442.73895385151366
ZONE_035,236.27833361581074
ZONE_044,551.3418668274658
ZONE_049,300.64817688492536
ZONE_023,376.98594823048086
ZONE_018,389.8657339789858
ZONE_020,463.7290083950209
ZONE_008,542.1598331858987
ZONE_034,600.837919828619
ZONE_019,384.09909170488316
ZONE_048,376.8145609652863
ZONE_017,576.369444701768
ZONE_039,539.6079957632188
ZONE_050,566.2830791964284
ZONE_027,412.89679844710975
ZONE_018,423.5593640564682
ZONE_001,553.7146680035479
ZONE_049,290.6310678647952
ZONE_032,579.220877918849
ZONE_020,412.6978029237905
ZONE_004,315.6045079819666
ZONE_040,609.4380846705327
ZONE_029,685.1960717139367
ZONE_005,444.17000221178387
ZONE_036,361.97776420795924
ZONE_025,571.6934762018122
ZONE_006,571.1483282186591
ZONE_013,423.30932966210634
ZONE_017,559.0849633790443
ZONE_030,468.2346489521687
ZONE_039,534.9648888878222
ZONE_012,447.2048831241339
ZONE_024,548.2939563513291
ZONE_004,360.78208252985314
ZONE_003,466.6527775153607
ZONE_014,376.60486120387844
ZONE_031,452.0052557878693
ZONE_017,568.2749145009425
ZONE_008,518.8542016602465
ZONE_025,558.9483093099149
ZONE_011,482.61105819442577
ZONE_026,569.0528532327421
ZONE_026,437.71998368002164
ZONE_044,439.7249262144441
ZONE_030,485.8952554651532
ZONE_049,303.8029722987969
ZONE_010,493.84469146174933
ZONE_027,351.5929071610234
ZONE_009,484.5802460836263
ZONE_026,460.1381335522449
ZONE_004,325.77138936591325
ZONE_005,583.8891661191498
ZONE_037,293.60954427569476
ZONE_016,589.3422840023136
ZONE_013,405.61318225821776
ZONE_002,503.39094651846244
ZONE_018,396.5555106463126
ZONE_027,299.76852953342785
ZONE_037,251.4057855284949
ZONE_037,295.4493721019273
ZONE_049,267.8510658926305
ZONE_009,417.0148283710468
ZONE_002,526.4528878538109
ZONE_030,415.8893212203787
ZONE_018,388.3028882493137
ZONE_040,655.5394322379246
ZONE_044,593.4421246520703
ZONE_038,671.8862469073663
ZONE_013,408.9913718563446
ZONE_024,631.5766016484544
ZONE_026,524.9579623565274
ZONE_031,510.1327216398268
ZONE_011,413.8998748800222
ZONE_008,456.2919861217135
ZONE_032,582.6676920938711
ZONE_025,592.4321634351712
ZONE_021,509.5114749069372
ZONE_031,469.82103208442373
ZONE_019,289.40552457194394
ZONE_014,366.50436818309913
ZONE_024,704.5537444141639
ZONE_014,373.2070870920505
ZONE_012,357.9631308875364
ZONE_016,573.6572574514163
ZONE_031,460.81969898791414
ZONE_030,516.290979773399
ZONE_022,392.06227866953515
ZONE_050,551.6595956186699
ZONE_035,197.2678768539559
ZONE_017,557.1960725340205
ZONE_039,495.7855815369774
ZONE_024,658.1585606633856
ZONE_042,522.1575516071749
ZONE_026,582.2687915873955
ZONE_023,369.49969885034346
ZONE_005,605.7945126288251
ZONE_009,485.532282875685
ZONE_034,562.0956320108083
ZONE_048,323.0770124392693
ZONE_037,305.3690683066484
ZONE_008,475.2037422510317
ZONE_040,604.3738631368216
ZONE_015,286.44892593292303
ZONE_026,459.2219147153116
ZONE_025,564.1467283209131
ZONE_018,410.2185012982079
ZONE_012,425.940288986938
ZONE_016,569.2007447022503
ZONE_028,289.13461427804765
ZONE_028,276.9251607501849
ZONE_024,628.1062436195481
ZONE_038,725.0152212494557
ZONE_003,436.1305700268136
ZONE_023,447.2381030674463
ZONE_018,398.6509451982126
ZONE_034,598.6585120519985
ZONE_026,499.862709158446
ZONE_050,557.081007353801
ZONE_003,485.69055217288434
ZONE_039,558.2367156512087
ZONE_034,495.62081891452743
ZONE_029,599.838216209548
ZONE_022,486.8026162399105
ZONE_027,379.4286502336116
ZONE_045,318.6364272756506
ZONE_040,615.2203307194425
ZONE_028,244.87352685790745
ZONE_024,693.3840837153945
ZONE_020,497.2952263729245
ZONE_037,213.35604942922194
ZONE_034,573.357615664307
ZONE_027,289.93924299313034
ZONE_049,276.15619760613487
ZONE_016,700.7916767566495
ZONE_021,436.9130396214304
ZONE_015,359.3922615262573
ZONE_013,398.18962401682205
ZONE_016,659.5557463699556
ZONE_042,458.36334097646375
ZONE_029,661.6744199838402
ZONE_036,386.87918169750264
ZONE_044,614.1958359655206
ZONE_015,298.0953316474623
ZONE_011,489.1735144605182
ZONE_011,467.12025457188093
ZONE_028,213.3555758381238
ZONE_017,595.3736412404975
ZONE_001,527.2659679855701
ZONE_044,534.3490139250335
ZONE_020,464.3056450141906
ZONE_050,627.2940524467664
ZONE_035,209.01304562600632
ZONE_014,286.06339247685486
ZONE_035,222.13581611052084
ZONE_003,474.4264564556273
ZONE_031,453.95826432592133
ZONE_049,274.68094970802116
ZONE_039,593.2947977233375
ZONE_037,265.3194078033558
ZONE_032,647.8841624071497
ZONE_007,435.9540920704172
ZONE_003,490.37069908961456
ZONE_025,517.9648417957358
ZONE_030,419.70439521555886
ZONE_029,633.0619135212761
ZONE_017,522.0623152828218
ZONE_021,389.88735111108036
ZONE_016,593.0078701725351
ZONE_050,557.1690584360831
ZONE_025,584.7578746534889
ZONE_042,476.0021988355522
ZONE_023,461.7885141461991
ZONE_029,697.907620777328
ZONE_007,428.08125422552627
ZONE_004,328.0921929476124
ZONE_003,444.85225166739787
ZONE_046,578.5793271472535
ZONE_006,554.0185893962873
ZONE_001,519.0624317601886
ZONE_035,232.93341770179265
ZONE_031,504.5918210088063
ZONE_009,399.4363412766455
ZONE_036,400.38944737015066
ZONE_027,275.4347341610377
ZONE_031,458.6911177506341
ZONE_037,271.8296712038544
ZONE_027,355.5439792305771
ZONE_014,336.03765018963685
ZONE_024,702.8662513034353
ZONE_003,471.7483253360645
ZONE_040,529.7948203385143
ZONE_009,412.5539003884529
ZONE_045,278.2485793694396
ZONE_023,401.94994146272705
ZONE_043,410.4991582332297
ZONE_022,421.4037092397952
ZONE_031,460.24146997573536
ZONE_050,601.6837321275784
ZONE_019,296.34567633826083
ZONE_032,579.9011786661622
ZONE_012,395.77957084913237
ZONE_006,520.0550114054357
ZONE_032,646.3239608481649
ZONE_008,532.0929568875306
ZONE_035,231.44674366403814
ZONE_015,348.4952378793047
ZONE_028,267.45897990550156
ZONE_049,365.8316871730569
ZONE_022,406.7287695593543
ZONE_046,540.8774467508912
ZONE_031,502.32399359890684
ZONE_009,404.5064294900364
ZONE_043,371.2416696455212
ZONE_003,489.89299610083367
ZONE_009,471.08546852141035
ZONE_003,433.1728989927033
ZONE_050,508.4307401542657
ZONE_019,395.58348398028903
ZONE_004,280.436170644292
ZONE_006,600.964302352395
ZONE_041,441.8490662088757
ZONE_012,474.7409058898826
ZONE_034,469.76812488033727
ZONE_027,296.33574458664737
ZONE_009,394.30292607255683
ZONE_028,285.1419179470787
ZONE_042,422.47427951138553
ZONE_024,603.6191251301516
ZONE_044,558.5774660422119
ZONE_022,397.1877046888231
ZONE_037,292.83492616744974
ZONE_034,552.3395554948637
ZONE_027,375.1954086546359
ZONE_028,322.0154312956082
ZONE_012,426.10764077439967
ZONE_039,444.55461181462977
ZONE_018,499.98087397337963
ZONE_034,504.70050395290775
ZONE_006,578.8303639999557
ZONE_028,280.0168789203552
ZONE_001,509.4874693767292
ZONE_019,290.2167162387805
ZONE_018,476.9979372951066
ZONE_016,627.0163523353623
ZONE_038,588.8609221788817
ZONE_049,286.76041657353284
ZONE_004,439.5902511260254
ZONE_030,473.5591908138462
ZONE_017,592.9513231257929
ZONE_024,649.5819318605005
ZONE_012,422.85437909939543
ZONE_011,481.72736832813433
ZONE_039,559.1377577823391
ZONE_032,637.0353193114494
ZONE_009,359.77271569301064
ZONE_011,463.2791392427473
ZONE_016,602.2758584712852
ZONE_010,503.3385418003591
ZONE_015,293.341398150884
ZONE_031,432.72050527442946
ZONE_019,431.44483194926573
ZONE_007,330.4603969861532
ZONE_004,364.11743397345606
ZONE_019,361.9983382296824
ZONE_011,488.3734359774426
ZONE_044,552.9059085501233
ZONE_035,205.0269580241951
ZONE_004,356.37181186068744
ZONE_018,453.8610134520638
ZONE_015,325.21215511384287
ZONE_001,522.0314777302068
ZONE_019,436.8204743001363
ZONE_034,541.5929549116721
ZONE_031,453.4304820080647
ZONE_018,388.80304400590364
ZONE_016,607.2396414473267
ZONE_027,388.2560196289163
ZONE_017,595.0823956303203
ZONE_019,396.9265012906534
ZONE_023,398.52909187801225
ZONE_042,526.1426284419564
ZONE_043,467.38899709944883
ZONE_004,368.37333705579744
ZONE_015,347.9279846512247
ZONE_007,421.63887377329485
ZONE_046,541.5961596471062
ZONE_025,544.1221598410767
ZONE_046,548.0778416480738
ZONE_025,490.57800252630216
ZONE_031,449.62244806815005
ZONE_014,345.05697143067925
ZONE_012,310.3552934491878
ZONE_022,505.8451556636981
ZONE_001,555.1706746000441
ZONE_029,544.0316995338096
ZONE_005,488.835304520128
ZONE_019,385.11912189240223
ZONE_022,478.66734523446854
ZONE_038,707.2176867134725
ZONE_045,283.09818297307396
ZONE_014,399.1885483277329
ZONE_016,591.3995952223212
ZONE_006,562.7289687058375
ZONE_028,281.95358529191554
ZONE_001,575.2265150249682
ZONE_006,631.0124278407286
ZONE_002,493.2567899064158
ZONE_029,685.3687069098225
ZONE_005,507.17781044974805
ZONE_035,250.04368228244684
ZONE_032,607.2315002553607
ZONE_015,340.8972614498288
ZONE_010,554.6515025025446
ZONE_018,469.1259841323897
ZONE_031,495.0980624624174
ZONE_018,360.36395465853946
ZONE_044,551.2760138876791
ZONE_006,486.80056163509636
ZONE_033,347.96725272970366
ZONE_005,520.635520343788
ZONE_020,481.552464333838
ZONE_026,540.7193656774343
ZONE_017,586.8327140116124
ZONE_042,465.6135638039774
ZONE_041,320.949033773366
ZONE_014,366.710433433403
ZONE_018,474.2527080012543
ZONE_027,349.92987146222
ZONE_031,460.57731368781083
ZONE_015,325.9875176343765
ZONE_043,375.7643923871825
ZONE_033,442.4723431098973
ZONE_016,630.7150146492983
ZONE_011,489.9103048809309
ZONE_002,552.3537476994798
ZONE_013,433.041946377646
ZONE_003,410.24061431076916
ZONE_020,343.1411945552976
ZONE_002,439.97860677973836
ZONE_023,397.7869206328001
ZONE_024,622.5206324263353
ZONE_027,277.4142515721262
ZONE_022,473.11671803729934
ZONE_001,502.36717789557093
ZONE_031,455.48738163127155
ZONE_013,403.1166647702359
ZONE_037,302.8543167140676
ZONE_021,526.7842140446164
ZONE_044,616.4927410346024
ZONE_040,520.0364968134966
ZONE_027,273.0436592425001
ZONE_037,292.72908773453935
ZONE_020,474.4546190172854
ZONE_040,512.8469643604836
ZONE_036,400.3577389804424
ZONE_045,239.77821809356325
ZONE_020,342.2985386382677
ZONE_049,320.43004868249096
ZONE_036,476.12914606335477
ZONE_039,529.6207066495344
ZONE_001,506.6722108935542
ZONE_048,347.8415319525647
ZONE_042,469.47325185012465
ZONE_008,586.6244846936231
ZONE_049,357.85137625794033
ZONE_002,521.1537549386642
ZONE_044,531.655374952055
ZONE_023,383.39327935789964
ZONE_021,523.6916036162467
ZONE_035,200.43924881806717
ZONE_001,490.4771052152179
ZONE_020,397.8463311355625
ZONE_038,616.9836365983225
ZONE_047,402.0744462498852
ZONE_049,295.8338856514041
ZONE_002,532.1136312758614
ZONE_016,719.3255677218554
ZONE_024,630.5787501269301
ZONE_032,567.7878203587318
ZONE_029,625.8850580787374
ZONE_005,509.3293211114122
ZONE_012,390.75062931711085
ZONE_003,473.3170934571465
ZONE_002,505.8942495580089
ZONE_038,668.7382802162072
ZONE_031,494.4739802381742
ZONE_006,628.2725028599152
ZONE_029,586.6934558114154
ZONE_020,395.2249760834987
ZONE_004,359.04473035579105
ZONE_029,610.6602916240724
ZONE_010,418.8759350892801
ZONE_035,221.40327056112173
ZONE_027,405.80215027029533
ZONE_001,479.340337706797
ZONE_041,419.10699519887334
ZONE_025,542.1870825245308
ZONE_023,411.9407876819661
ZONE_050,562.6650033211538
ZONE_020,367.1196037760697
ZONE_011,443.89440423677274
ZONE_041,300.32807274305895
ZONE_025,552.0641828718899
ZONE_007,438.5613338162938
ZONE_004,347.0230502756984
ZONE_006,539.8299677081145
ZONE_013,390.46803984439606
ZONE_048,349.9652726579558
ZONE_034,605.0269011306526
ZONE_020,523.7838305694942
ZONE_050,597.635393431243
ZONE_034,479.74844200232144
ZONE_013,425.9003835341601
ZONE_006,634.971730441727
ZONE_009,467.6367405969507
ZONE_030,470.97556531205396
ZONE_027,389.45349404943454
ZONE_009,486.17980427520854
ZONE_010,566.3317320980138
ZONE_038,639.6151794658551
ZONE_001,524.9217124016525
ZONE_003,508.9993919002972
ZONE_034,594.928472026697
ZONE_049,293.5961675871557
ZONE_036,405.589511533062
ZONE_033,431.52332151906177
ZONE_044,552.3278832856424
ZONE_048,417.34246115278677
ZONE_045,354.63548256468965
ZONE_003,461.7088949531374
ZONE_031,495.08381376738447
ZONE_006,615.258155847276
ZONE_016,678.1367976651931
ZONE_043,505.508993532291
ZONE_013,402.80835144113394
ZONE_033,438.7924405394465
ZONE_001,531.9325223657344
ZONE_046,586.712805561037
ZONE_009,407.5060104138991
ZONE_022,434.27005682434833
ZONE_050,562.5392533870403
ZONE_047,364.60776056860465
ZONE_034,522.0759445611078
ZONE_034,501.0681775417519
ZONE_001,563.0061045889493
ZONE_037,294.8903913682631
ZONE_041,402.8213144255353
ZONE_023,377.2396696745104
ZONE_018,453.32596560487144
ZONE_012,493.23390018219055
ZONE_046,577.8857173361445
ZONE_005,532.9370721354094
ZONE_020,518.2886065281323
ZONE_019,420.0622474218586
ZONE_002,512.0923690431669
ZONE_004,416.75797478759597
ZONE_027,243.4082471655091
ZONE_008,492.7097219028887
ZONE_034,437.164250253056
ZONE_038,663.9924535616043
ZONE_007,366.93842767696515
ZONE_029,579.3139644636733
ZONE_040,558.7678585445706
ZONE_044,547.8789275392813
ZONE_018,395.2426329601538
ZONE_042,536.105118909766
ZONE_041,323.37553636427435
ZONE_011,464.4479008496707
ZONE_008,588.8161238872462
ZONE_002,521.8191982521661
ZONE_009,513.5410645726893
ZONE_039,499.5218379735085
ZONE_041,344.5465888678048
ZONE_006,549.803850605205
ZONE_029,570.8729507297136
ZONE_014,412.34166517700135
ZONE_040,523.0153446543276
ZONE_015,325.59457851156515
ZONE_047,440.1764389466518
ZONE_048,345.4872646675516
ZONE_047,359.1696919775664
ZONE_005,490.3571992989999
ZONE_011,493.9267900797351
ZONE_037,262.0389487847361
ZONE_023,401.09647797687
ZONE_049,321.3385450782364
ZONE_018,393.142466814226
ZONE_010,517.110541455512
ZONE_047,486.1228998013718
ZONE_021,507.7124872651539
ZONE_006,595.075299880685
ZONE_048,432.3295913551321
ZONE_012,475.92787724731255
ZONE_038,698.0874125822957
ZONE_006,522.4457359029091
ZONE_012,485.03957018334154
ZONE_039,489.2032611966887
ZONE_002,561.2333780325839
ZONE_027,295.31617805319286
ZONE_013,409.3487407399148
ZONE_012,442.42673899746006
ZONE_003,450.0308646359034
ZONE_025,533.3598492049947
ZONE_024,595.857939213915
ZONE_046,584.1489974464656
ZONE_033,476.3726321924454
ZONE_007,464.6234092638471
ZONE_011,403.7268753472226
ZONE_006,561.2749435303357
ZONE_032,605.7310822142888
ZONE_025,489.1152007556129
ZONE_050,633.5891621261534
ZONE_005,466.9315562344096
ZONE_044,491.48394796975003
ZONE_012,397.9033687726015
ZONE_021,440.04650323308493
ZONE_050,626.7336677407242
ZONE_047,418.4801550939439
ZONE_034,507.2526711800814
ZONE_008,422.1424511897046
ZONE_015,299.1271012252995
ZONE_017,585.5227645498079
ZONE_006,534.9115550095786
ZONE_022,403.41969812745
ZONE_023,396.6795127859699
ZONE_038,705.1746191666207
ZONE_046,595.8206213911292
ZONE_049,324.76375005443214
ZONE_006,517.2678998271314
ZONE_020,401.0491700339839
ZONE_033,385.07655929144823
ZONE_026,566.3656742257061
ZONE_048,372.6443770243419
ZONE_038,626.8150006302888
ZONE_019,372.0520236476292
ZONE_004,379.1185862525926
ZONE_008,538.5695316299539
ZONE_028,323.1323632660372
ZONE_035,200.72895317384013
ZONE_028,200.7938132303806
ZONE_043,412.8605524143988
ZONE_020,469.70230351426204
ZONE_026,519.5652245754663
ZONE_048,432.1149183594599
ZONE_032,612.0215930099836
ZONE_030,463.82760634388296
ZONE_022,463.5846884826257
ZONE_032,603.7902446770014
ZONE_020,521.5111333749015
ZONE_014,360.7755414942257
ZONE_012,402.4580915239455
ZONE_001,476.77192072437225
ZONE_043,357.79070742980815
ZONE_043,375.64983069934715
ZONE_023,390.8252161968239
ZONE_028,268.2408256631703
ZONE_022,492.70164943229787
ZONE_049,291.5885922032974
ZONE_010,551.5682491501068
ZONE_036,410.1212007586901
ZONE_025,564.9943878066906
ZONE_032,547.1552998302427
ZONE_023,466.60679205252796
ZONE_019,392.385728039595
ZONE_046,570.6422612169346
ZONE_017,662.2415880728191
ZONE_049,283.0335238863629
ZONE_050,593.332985451343
ZONE_042,518.3916509960658
ZONE_050,605.4040157016376
ZONE_024,679.1746658247312
ZONE_006,570.1016172951556
ZONE_019,377.91553585596944
ZONE_019,378.52312948054094
ZONE_045,305.10001240512537
ZONE_012,382.47766972121696
ZONE_032,568.0392764446536
ZONE_025,609.3927893930088
ZONE_032,603.6251459058675
ZONE_004,437.2513633820987
ZONE_039,550.4952714794059
ZONE_002,500.1710826229208
ZONE_023,392.7562481173838
ZONE_007,440.1089101708817
ZONE_020,491.57000107946345
ZONE_036,506.8285024072595
ZONE_017,524.5991121324998
ZONE_022,396.0561289806381
ZONE_007,427.42601252993614
ZONE_040,536.6953983861473
ZONE_023,441.48679124250447
ZONE_014,307.69328884157255
ZONE_010,505.67674215022834
ZONE_046,540.1921763154323
ZONE_001,523.1841412549356
ZONE_046,558.3238178514636
ZONE_017,572.6563233382197
ZONE_040,620.0474236097227
ZONE_014,350.1497933514593
ZONE_049,346.95832830988843
ZONE_017,565.9115647771029
ZONE_010,526.3448313280969
ZONE_018,420.4737395638063
ZONE_035,257.17674266488035
ZONE_010,555.4490522727076
ZONE_043,375.2559152291812
ZONE_020,399.6267907888554
ZONE_016,609.0239249870776
ZONE_017,530.8134027816449
ZONE_039,565.4055718967576
ZONE_050,591.2617654383686
ZONE_028,288.70918296024365
ZONE_009,399.74066090139326
ZONE_020,403.06407559552383
ZONE_006,570.0948563295594
ZONE_013,405.9162477762336
ZONE_009,516.3297078675375
ZONE_048,420.9243773436812
ZONE_033,353.6980559319134
ZONE_035,192.76402001442156
ZONE_022,431.8191116848309
ZONE_023,405.2129166128939
ZONE_046,559.0395250661181
ZONE_025,599.8326130048266
ZONE_036,388.18287032127404
ZONE_007,358.8297109955789
ZONE_015,332.4352567484743
ZONE_029,616.5305351932706
ZONE_008,535.9754959427364
ZONE_037,277.63832567038423
ZONE_010,507.5553474241813
ZONE_010,469.6894718446965
ZONE_050,544.21851768808
ZONE_045,205.0744508860559
ZONE_013,392.9967172570994
ZONE_019,313.4552548554754
ZONE_048,435.3460603736662
ZONE_049,365.1528298222671
ZONE_023,395.2429705576203
ZONE_015,374.4609435231788
ZONE_017,586.0871922564032
ZONE_010,470.23711491682786
ZONE_040,496.49605366858253
ZONE_046,605.1533324273877
ZONE_033,444.2199998224138
ZONE_045,351.59645653232917
ZONE_018,418.4038647537256
ZONE_004,370.5608680930851
ZONE_004,360.0323943736896
ZONE_015,291.4717971164271
ZONE_031,450.9656034300961
ZONE_002,479.46795300285106
ZONE_012,355.6538117335369
ZONE_033,434.54747736187636
ZONE_046,478.15255721121866
ZONE_050,485.1453504379735
ZONE_020,401.3059273009716
ZONE_002,509.6109604190947
ZONE_039,566.0380910724593
ZONE_001,558.8441396979874
ZONE_020,416.25423865879304
ZONE_024,615.5708681263918
ZONE_014,336.99966103019926
ZONE_049,304.1966430976986
ZONE_037,302.19408424553677
ZONE_041,303.56150789496655
ZONE_029,633.1792130574987
ZONE_021,352.1554334837792
ZONE_032,608.683477447078
ZONE_038,733.7420642873763
ZONE_023,423.8242671699996
ZONE_029,673.9899930476558
ZONE_014,372.71288470766507
ZONE_007,366.7086007715264
ZONE_023,358.819002388109
ZONE_017,562.742031532569
ZONE_034,492.6766101047794
ZONE_032,609.0810618826503
ZONE_037,285.20863716751495
ZONE_005,481.2280297982132
ZONE_042,592.716117077126
ZONE_045,233.20237619350087
ZONE_020,400.44697954527226
ZONE_008,542.2400462587487
ZONE_008,609.8796772369897
ZONE_024,698.8214143873967
ZONE_025,548.9169773031327
ZONE_046,518.9090356214988
ZONE_027,381.44252215227135
ZONE_032,633.2748547042042
ZONE_007,384.6717923729732
ZONE_012,398.1634361917518
ZONE_048,426.36600270608193
ZONE_007,370.0369519189691
ZONE_045,334.8434656512301
ZONE_045,258.7321007452984
ZONE_008,532.5833736034137
ZONE_004,418.70796000319854
ZONE_028,206.9311396234056
ZONE_046,478.7353701149656
ZONE_048,351.54873115076145
ZONE_016,703.2875870673872
ZONE_040,549.6677114570059
ZONE_034,522.9192315587654
ZONE_027,392.86001356801825
ZONE_026,487.31175002232084
ZONE_043,416.6928989915808
ZONE_011,434.14942593224805
ZONE_001,467.5982602545331
ZONE_021,537.3797749200218
ZONE_032,631.2401531442184
ZONE_011,496.70102505971556
ZONE_023,420.3013730428605
ZONE_004,469.6143374379034
ZONE_002,528.8650356128331
ZONE_020,385.272962887807
ZONE_028,310.24935600855844
ZONE_009,438.95862838201737
ZONE_043,394.1457952798686
ZONE_005,554.3448968368061
ZONE_010,542.1287372583721
ZONE_009,474.70788759551886
ZONE_003,504.4831569544401
ZONE_031,512.1511215348378
ZONE_035,212.79320310977062
ZONE_004,440.45770969248167
ZONE_007,421.63518166934466
ZONE_016,583.0291701778976
ZONE_016,575.1941708476319
ZONE_028,290.0291492606976
ZONE_039,496.0057325166233
ZONE_050,488.01106379254117
ZONE_013,462.13586940828674
ZONE_044,482.3146573915403
ZONE_020,465.399559134847
ZONE_045,291.2523137015114
ZONE_004,440.11718928623486
ZONE_024,573.470124814437
ZONE_032,642.7286123366283
ZONE_022,436.2826101166029
ZONE_044,506.0391382648659
ZONE_005,443.397027161048
ZONE_034,514.0716611821094
ZONE_040,614.2954504533544
ZONE_032,621.9944521540184
ZONE_024,646.0835604899141
ZONE_037,279.1318335959353
ZONE_008,487.31327292874556
ZONE_047,362.0980772854548
ZONE_018,458.68023696715755
ZONE_044,576.765289932787
ZONE_009,434.6162157771844
ZONE_002,531.572812559644
ZONE_001,527.2500470017576
ZONE_007,432.074562256712
ZONE_042,507.47169713470646
ZONE_020,406.2682144751083
ZONE_011,495.23242824082257
ZONE_020,400.62232227823387
ZONE_045,289.9326623452286
ZONE_002,498.4655634209498
ZONE_033,358.7172193813001
ZONE_022,484.84651970637964
ZONE_028,296.40853934080576
ZONE_031,506.9651805168806
ZONE_035,227.4965995589078
ZONE_010,578.9602523595294
ZONE_022,400.84449672910915
ZONE_017,665.0099094739876
ZONE_043,393.9332414673709
ZONE_038,623.083853277888
ZONE_050,490.52640631126485
ZONE_007,285.23596637826324
ZONE_037,241.57739340079414
ZONE_013,354.54863618304694
ZONE_029,687.9403667126833
ZONE_026,471.2603982079307
ZONE_003,448.19700390722204
ZONE_039,533.6012534977717
ZONE_010,492.0337050707612
ZONE_037,323.1650150064198
ZONE_023,472.4383444442234
ZONE_020,465.8233177049645
ZONE_034,609.6253477512313
ZONE_004,361.27108060259394
ZONE_032,598.2714524195258
ZONE_045,241.34939928819233
ZONE_042,511.4737996724104
ZONE_018,423.6448736363436
ZONE_001,593.2952959933226
ZONE_023,403.0863526915648
ZONE_044,530.7329793259862
ZONE_013,504.76019479149727
ZONE_004,415.20805683270584
ZONE_038,724.975614696763
ZONE_009,406.25229835607456
ZONE_037,288.72308006497
ZONE_046,472.6875517140329
ZONE_031,489.6163788041309
ZONE_002,480.04183390366694
ZONE_050,594.5035146512322
ZONE_016,589.9218519442285
ZONE_041,371.67225531291376
ZONE_021,375.32143649140295
ZONE_021,493.1819698923019
ZONE_002,493.1762684689639
ZONE_036,348.82443322949365
ZONE_007,415.9011414914631
ZONE_015,320.00637023568123
ZONE_037,283.36673369829697
ZONE_009,403.63347482744246
ZONE_001,517.9062956873076
ZONE_016,628.9608365236014
ZONE_023,425.9279230993904
ZONE_024,683.2115832857236
ZONE_046,555.5731787614884
ZONE_024,685.6782320898559
ZONE_010,518.563134714248
ZONE_039,577.5012154713642
ZONE_048,344.0242585184413
ZONE_011,464.3937519328725
ZONE_030,393.2567242653729
ZONE_040,526.6196560812652
ZONE_033,312.8399462364436
ZONE_007,410.11989847135317
ZONE_006,542.3676399105341
ZONE_043,368.5072693174926
ZONE_050,559.825485984527
ZONE_008,536.3140468587019
ZONE_016,629.1043099598296
ZONE_049,283.41793807676817
ZONE_021,483.4533842401015
ZONE_004,415.8851071203418
ZONE_047,294.96758443381486
ZONE_027,404.2796835214608
ZONE_035,185.91139228410495
ZONE_001,547.6737875748604
ZONE_016,672.4837766658237
ZONE_031,503.07006526450925
ZONE_038,672.6181179287554
ZONE_018,504.9979328650059
ZONE_037,246.9008519534848
ZONE_010,460.37713907719956
ZONE_049,287.3128385681936
ZONE_023,398.67183890747793
ZONE_019,329.0089984010169
ZONE_049,362.79006380648156
ZONE_042,529.468623080117
ZONE_007,381.9553308645516
ZONE_030,381.32744065303183
ZONE_038,666.076110166026
ZONE_041,436.1099556112648
ZONE_043,439.5314792289456
ZONE_044,519.294350311609
ZONE_018,458.24520922257454
ZONE_006,581.5005207196195
ZONE_012,351.5968469050505
ZONE_011,446.2738177851793
ZONE_048,297.7293065769046
ZONE_002,497.9028642949892
ZONE_028,213.25998588025973
ZONE_018,399.4732153784399
ZONE_023,393.0358249135901
ZONE_013,429.0690080318385
ZONE_044,534.3907677004316
ZONE_020,401.96899083781636
ZONE_024,706.7415627433106
ZONE_013,393.46722295391055
ZONE_027,398.15060088748584
ZONE_015,345.8480002547764
ZONE_021,461.10569757215467
ZONE_039,597.3907262376075
ZONE_002,508.6672051103011
ZONE_010,590.1887429793805
ZONE_018,466.743315840964
ZONE_037,271.5918262093013
ZONE_048,468.3966758639583
ZONE_009,402.34015731424137
ZONE_012,403.02023247360165
ZONE_018,348.4071382253054
ZONE_045,291.09859228074254
ZONE_003,415.78746303961793
ZONE_020,497.95634845541883
ZONE_035,280.27677395919267
ZONE_030,401.6540234159682
ZONE_003,469.0992353521752
ZONE_015,272.56814380951147
ZONE_018,418.77149909016765
ZONE_035,244.22014472954604
ZONE_010,472.35923334938786
ZONE_043,366.9420490604956
ZONE_040,613.7910442195326
ZONE_008,536.8360877605154
ZONE_042,395.5783852771656
ZONE_028,297.7836679973897
ZONE_033,460.1904042253059
ZONE_017,602.2188987386702
ZONE_013,387.29176349096394
ZONE_039,582.7742589011867
ZONE_019,373.91483341844815
ZONE_046,538.1788842232768
ZONE_039,562.4072642349349
ZONE_049,278.7082579182118
ZONE_015,322.0715197932325
ZONE_037,316.98668580885584
ZONE_011,432.6902105452667
ZONE_033,292.44864429303055
ZONE_012,393.5044954254504
ZONE_016,593.4374557276077
ZONE_001,533.7631010067948
ZONE_022,465.43216733090264
ZONE_017,551.4681336862429
ZONE_048,360.9003903381862
ZONE_047,431.15430039369056
ZONE_019,373.74852877359643
ZONE_002,440.77098955299783
ZONE_016,582.2628182826207
ZONE_039,589.1575086358961
ZONE_021,374.21180760443707
ZONE_045,263.45237647943947
ZONE_001,499.6925077823416
ZONE_023,319.47496344023267
ZONE_042,534.6136640657132
ZONE_023,426.17563928928445
ZONE_010,568.2430321850644
ZONE_020,348.6184739349095
ZONE_012,459.13946767233205
ZONE_031,452.36900538807896
ZONE_041,469.1770483423724
ZONE_014,363.5985730458469
ZONE_006,566.1358535678329
ZONE_037,319.0925654832804
ZONE_044,530.0564827138404
ZONE_026,463.7227466338294
ZONE_015,291.74597889602785
ZONE_002,489.9906427659405
ZONE_001,531.3056614915841
ZONE_023,351.4644934010023
ZONE_003,485.91218348567133
ZONE_003,502.43824918222026
ZONE_029,685.8968723695633
ZONE_022,450.51277242576185
ZONE_014,307.2622766501581
ZONE_012,393.5104817536139
ZONE_016,572.4080607500462
ZONE_045,265.23104944803976
ZONE_032,602.1951920042803
ZONE_004,335.4822169983844
ZONE_006,507.5349211344091
ZONE_037,279.8185148837279
ZONE_038,708.3378886465631
ZONE_022,401.39496924407763
ZONE_039,506.3254255462837
ZONE_020,399.0984338289383
ZONE_008,509.3771615412219
ZONE_027,323.81882609115746
ZONE_024,598.0180566132174
ZONE_027,360.3473472343919
ZONE_020,468.58186109788716
ZONE_042,573.5989517697329
ZONE_010,549.2426399053793
ZONE_020,409.1191953105509
ZONE_011,473.1068277623329
ZONE_001,543.776832038696
ZONE_050,562.0991810903455
ZONE_025,611.188451284948
ZONE_043,350.28388495950736
ZONE_012,480.7048886050024
ZONE_010,398.78436889471755
ZONE_017,581.136733444741
ZONE_006,559.7853348750742
ZONE_014,331.51912490407335
ZONE_018,407.35382320978687
ZONE_035,243.71619666205245
ZONE_026,514.4667179712197
ZONE_007,406.99922318788316
ZONE_042,423.17646300887594
ZONE_012,464.58665841233363
ZONE_008,539.8847253567191
ZONE_013,496.07725819139387
ZONE_024,586.3203970154051
ZONE_031,540.7131018758413
ZONE_004,406.3132845693258
ZONE_014,305.9754024796099
ZONE_040,582.2631839939312
ZONE_003,446.66263658449714
ZONE_037,317.3692185544492
ZONE_001,552.855256307004
ZONE_031,551.0960321428672
ZONE_029,650.5075435973657
ZONE_012,403.9306949801661
ZONE_005,485.1324358247387
ZONE_013,404.7601496899344
ZONE_007,421.15396833891174
ZONE_022,547.9949844992225
ZONE_042,452.71246076851526
ZONE_050,553.4200882387336
ZONE_037,215.03173721961173
ZONE_044,612.1455553959063
ZONE_011,477.27843374609006
ZONE_019,379.3545127997353
ZONE_009,533.202458462509
ZONE_011,493.56948900611263
ZONE_044,545.2606861843359
ZONE_007,500.5978831821248
ZONE_032,658.8733272536757
ZONE_021,463.82432521003125
ZONE_007,419.4755539688691
ZONE_029,610.6359504697135
ZONE_024,744.8205266955274
ZONE_042,410.1264305685111
ZONE_024,634.0198419405522
ZONE_040,528.5984394533081
ZONE_027,340.31771686201336
ZONE_045,291.0283564389217
ZONE_006,534.3697650276742
ZONE_007,383.17382876925353
ZONE_027,275.7506682585922
ZONE_010,510.62807700982086
ZONE_041,326.61700064521284
ZONE_003,417.20720351708854
ZONE_022,366.6706726049459
ZONE_011,492.74739658634394
ZONE_031,534.8132945985808
ZONE_042,424.86542887675614
ZONE_046,552.7100265094591
ZONE_004,380.8038021175128
ZONE_002,508.5835477016335
ZONE_021,437.0174336769771
ZONE_047,425.5937380488366
ZONE_036,354.37984359733025
ZONE_024,652.1037789481445
ZONE_003,513.6069167328536
ZONE_046,575.6715072169383
ZONE_031,496.71654124708306
ZONE_010,553.0057985696724
ZONE_010,552.7451170597465
ZONE_037,308.9101066775469
ZONE_011,493.53388620779225
ZONE_013,398.6722941852807
ZONE_020,444.2933925245691
ZONE_046,563.9240716803267
ZONE_035,219.39709631627522
ZONE_027,341.3058966056689
ZONE_003,434.07890169419
ZONE_023,370.3416032691894
ZONE_021,529.7208242132941
ZONE_031,525.1525195476291
ZONE_045,281.1133848196125
ZONE_021,437.77018607834924
ZONE_044,551.9224262993299
ZONE_008,567.6237157740635
ZONE_028,223.22491969410322
ZONE_022,481.0387246780956
ZONE_026,500.7110683526864
ZONE_047,419.86820343252094
ZONE_046,533.2722532445252
ZONE_008,537.0252871375252
ZONE_031,501.87575608753497
ZONE_003,453.33576928646136
ZONE_018,468.1196866047895
ZONE_012,445.21679538881904
ZONE_039,536.1617851318057
ZONE_031,512.0595823779793
ZONE_040,632.9792604775462
ZONE_035,238.12832434281117
ZONE_045,189.51438121401384
ZONE_037,313.5821687960843
ZONE_048,359.4758008168961
ZONE_020,464.11869364707127
ZONE_018,397.9903092497964
ZONE_029,700.7228776476
ZONE_018,391.0328295307612
ZONE_037,298.7367043994794
ZONE_010,544.6185891327398
ZONE_005,459.8862447234348
ZONE_034,500.9027837053052
ZONE_040,492.02096839009647
ZONE_033,371.55308948486686
ZONE_019,280.0631300049942
ZONE_050,522.203051960863
ZONE_047,458.62150971644684
ZONE_014,307.68018762937606
ZONE_026,521.0307201693377
ZONE_006,518.9523995168804
ZONE_039,549.338305032815
ZONE_022,405.9131084344124
ZONE_004,440.8685809973911
ZONE_034,561.8242986113448
ZONE_048,455.7672446726481
ZONE_004,373.35762540792655
ZONE_002,558.5826581657777
ZONE_023,383.8482961883348
ZONE_020,410.1277969455495
ZONE_027,436.74030160027525
ZONE_013,409.4824895579518
ZONE_035,251.53718811853855
ZONE_041,392.37310016278593
ZONE_019,363.3647911188273
ZONE_021,525.6918601777503
ZONE_009,474.354174371059
ZONE_011,490.50726244016505
ZONE_035,237.67008218664637
ZONE_010,516.1066777296799
ZONE_041,371.30932937823275
ZONE_006,490.38317069797506
ZONE_039,441.92607048108243
ZONE_021,494.0603242658827
ZONE_014,374.6527099596415
ZONE_043,387.98431344615193
ZONE_050,553.5508593416116
ZONE_039,562.427101124136
ZONE_039,461.41337379486527
ZONE_045,350.14181203605517
ZONE_048,438.0579744838425
ZONE_012,405.93861530844174
ZONE_034,596.3474958243655
ZONE_039,532.9141014104817
ZONE_010,548.2938453701253
ZONE_010,525.9854109327731
ZONE_038,666.239986326096
ZONE_025,528.7932961123047
ZONE_012,399.00623561026026
ZONE_001,521.5645325240661
ZONE_026,539.4111882113231
ZONE_036,390.7165341604373
ZONE_013,401.288802788693
ZONE_019,363.2761055907936
ZONE_037,243.04776547322382
ZONE_031,505.686873798494
ZONE_029,612.8362374463695
ZONE_027,248.55908754107944
ZONE_019,277.54268518789974
ZONE_012,399.3168471065344
ZONE_024,657.2118462399515
ZONE_039,522.675292983618
ZONE_021,463.59387082636704
ZONE_024,685.9226354247363
ZONE_022,470.4652619958882
ZONE_039,587.3094431622862
ZONE_031,491.1297494416376
ZONE_019,360.73006772705287
ZONE_013,404.06194548344445
ZONE_048,434.6463220670433
ZONE_034,556.757258264867
ZONE_050,521.5373263555863
ZONE_042,399.6176384020989
ZONE_034,538.4321301281501
ZONE_027,332.5131222726036
ZONE_034,581.9704486491801
ZONE_039,442.85732842580614
ZONE_027,325.48923332220465
ZONE_033,430.0091679825218
ZONE_004,407.73451670329297
ZONE_028,193.84571633069612
ZONE_007,440.746771113299
ZONE_026,578.329483932264
ZONE_026,447.2842893738532
ZONE_050,607.4034707086676
ZONE_021,409.09924216359497
ZONE_017,497.0150545964419
ZONE_032,514.4359761034871
ZONE_027,343.2909937864166
ZONE_044,553.0045756371826
ZONE_002,500.719135231572
ZONE_044,610.8297910174614
ZONE_049,359.1779067070058
ZONE_026,521.3151402620155
ZONE_028,294.3749835856456
ZONE_021,459.81628085318886
ZONE_040,514.5824393074362
ZONE_048,366.8837925469608
ZONE_039,597.0877127919073
ZONE_035,119.09580232683979
ZONE_026,477.6494990181533
ZONE_021,360.321684974174
ZONE_006,520.2128048964718
ZONE_032,542.8405934107778
ZONE_002,514.3988504927537
ZONE_012,454.01589971232784
ZONE_018,381.0846933862519
ZONE_014,356.5489907239613
ZONE_006,516.3981113426353
ZONE_002,504.8825203969385
ZONE_023,382.78266070539917
ZONE_016,632.1371345035014
ZONE_018,526.0150659735996
ZONE_002,474.621993376696
ZONE_002,511.01677452094265
ZONE_045,303.8181531982833
ZONE_045,288.4279578973694
ZONE_023,464.54713395654204
ZONE_045,319.8991763395181
ZONE_038,661.7999558969452
ZONE_048,436.96650841951146
ZONE_002,501.82380054751434
ZONE_010,522.6170994280806
ZONE_016,613.6640943511418
ZONE_043,407.6282015704323
ZONE_050,634.6006238733517
ZONE_044,495.3446208051768
ZONE_022,454.551662990178
ZONE_043,376.91577815599084
ZONE_016,626.1281516166781
ZONE_047,394.50366298414
ZONE_033,408.6883011156817
ZONE_040,545.5801392973385
ZONE_024,598.1165201138984
ZONE_025,491.0771370892378
ZONE_041,438.0001900420595
ZONE_011,484.91833145868804
ZONE_039,558.6114590942287
ZONE_012,402.22115002422765
ZONE_039,525.8433884484508
ZONE_006,541.5377198120626
ZONE_046,544.8658365871343
ZONE_004,438.1170566225303
ZONE_013,404.86495619829896
ZONE_048,302.1100116320621
ZONE_002,528.0262510495436
ZONE_011,482.0618658811475
ZONE_027,299.43344456365986
ZONE_033,435.12527399155204
ZONE_046,472.0940078959646
ZONE_047,419.3184789231478
ZONE_041,434.82372133998774
ZONE_024,599.7199282685626
ZONE_022,384.835055787067
ZONE_023,392.2807100680022
ZONE_036,470.666894008975
ZONE_001,474.91129639061023
ZONE_024,614.1161231900372
ZONE_013,478.762594137095
ZONE_018,319.60366263006284
ZONE_007,366.68218473961343
ZONE_040,500.8247047839785
ZONE_004,384.2470422037578
ZONE_020,392.83234978355
ZONE_046,572.552166615008
ZONE_010,557.9570199278039
ZONE_007,441.2713853233461
ZONE_039,413.7038132210925
ZONE_046,563.9271705731555
ZONE_043,359.6410115568964
ZONE_025,587.6837540384566
ZONE_019,316.83299162451135
ZONE_044,567.6674749315614
ZONE_040,580.7568172942938
ZONE_020,498.75953412257167
ZONE_029,647.2407766954361
ZONE_005,430.49016276253286
ZONE_030,460.5845716664316
ZONE_028,243.61869380731778
ZONE_039,583.166048241828
ZONE_049,297.98350768214743
ZONE_045,239.9783976494569
ZONE_040,619.8404044408475
ZONE_028,226.94881238298757
ZONE_026,416.7165081579035
ZONE_001,489.7713574444866
ZONE_011,407.70768933533475
ZONE_001,545.1433480740238
ZONE_045,225.49441215437975
ZONE_014,342.9039505645981
ZONE_021,437.3363836887292
ZONE_001,452.9146875552521
ZONE_014,331.5618151099318
ZONE_010,518.5701114705414
ZONE_026,549.7366089155942
ZONE_035,239.61380809015603
ZONE_020,394.7225654052815
ZONE_003,435.82191456583877
ZONE_025,593.7156403705287
ZONE_050,593.4097814189678
ZONE_024,610.252696474265
ZONE_006,526.2090562870615
ZONE_002,455.97915194673243
ZONE_030,472.54962929480905
ZONE_004,381.9921072380338
ZONE_034,467.76478729623676
ZONE_020,471.9547371560815
ZONE_035,263.0935239432405
ZONE_050,561.3726661913422
ZONE_050,615.0614857750311
ZONE_018,395.71255338449424
ZONE_037,327.3521935111458
ZONE_005,535.348456389174
ZONE_015,320.6526481302188
ZONE_040,577.6872283977892
ZONE_034,581.4737869632899
ZONE_040,563.6430362464844
ZONE_038,596.7281421148022
ZONE_019,374.6757938718225
ZONE_043,418.4840162486377
ZONE_021,528.4603870788189
ZONE_004,407.5464565889669
ZONE_021,477.75012002829527
ZONE_031,486.82780472979687
ZONE_026,480.62398566238465
ZONE_010,527.1225283887788
ZONE_008,536.3318584997088
ZONE_018,422.1227706065418
ZONE_018,489.95966748049415
ZONE_013,403.082148353668
ZONE_002,499.5630694607306
ZONE_010,495.0190371031034
ZONE_049,345.14718580676816
ZONE_049,406.3386195726019
ZONE_045,241.80215383345535
ZONE_040,628.2025224730951
ZONE_014,354.9103528457726
ZONE_003,450.57793932836086
ZONE_044,619.5616823437634
ZONE_001,490.0510511502276
ZONE_015,287.73248450345557
ZONE_045,292.1609945903241
ZONE_034,530.8023106646777
ZONE_036,391.97796440624256
ZONE_039,471.0857055567859
ZONE_010,506.9713427409216
ZONE_013,458.4022840532619
ZONE_031,499.9325574978406
ZONE_025,480.9946518062074
ZONE_021,507.4895798640705
ZONE_046,592.085707471125
ZONE_008,533.6423886891962
ZONE_008,476.53662495626145
ZONE_018,420.0189754575642
ZONE_048,412.2363880012701
ZONE_017,547.2170627078827
ZONE_039,487.5262620411238
ZONE_010,527.7875857060498
ZONE_012,397.2663645162763
ZONE_005,463.96147554988414
ZONE_020,474.59021179122755
ZONE_042,478.23770369748
ZONE_032,580.6309761119691
ZONE_037,303.67744286545565
ZONE_034,465.7951664798564
ZONE_037,247.44846728169773
ZONE_027,354.9596992617499
ZONE_007,421.46747389644673
ZONE_016,665.625554324196
ZONE_015,342.53756161834303
ZONE_001,590.1144599478293
ZONE_018,495.4188781219576
ZONE_019,384.05964798584205
ZONE_025,569.6320403141749
ZONE_001,502.9698221454678
ZONE_032,581.2370361017005
ZONE_032,629.1351394131145
ZONE_041,329.37412857433446
ZONE_042,469.60297425328883
ZONE_010,544.4179121568176
ZONE_047,489.68560142677626
ZONE_039,443.21900540295314
ZONE_031,483.51715451000246
ZONE_021,369.24022307455
ZONE_001,463.43039152117393
ZONE_039,486.03095694460166
ZONE_024,730.0192363864206
ZONE_033,383.1239953106653
ZONE_026,411.45824219772084
ZONE_037,298.83248398043077
ZONE_023,373.18975067888374
ZONE_019,367.9457333718978
ZONE_018,416.7127888456159
ZONE_046,578.8300724085883
ZONE_033,437.0930170821219
ZONE_011,477.67987396089563
ZONE_011,410.44784131785497
ZONE_032,592.5930595530427
ZONE_035,201.63812950313255
ZONE_029,615.0978152417885
ZONE_003,440.7552817185813
ZONE_019,338.6954913323865
ZONE_004,456.9133973760189
ZONE_035,242.09537198734623
ZONE_035,247.7129228358483
ZONE_045,263.76877143717405
ZONE_011,439.77738198015265
ZONE_019,301.2403141628856
ZONE_046,578.6487375591506
ZONE_050,589.7175761935085
ZONE_025,593.7517120589487
ZONE_020,348.02810871733595
ZONE_021,496.03497227306235
ZONE_011,432.533667338339
ZONE_016,670.0459900765886
ZONE_026,499.0334151257957
ZONE_010,514.0815574287346
ZONE_007,376.2037052215908
ZONE_005,485.5156744603591
ZONE_001,535.4404998133932
ZONE_030,402.8140678657076
ZONE_040,547.5156052584824
ZONE_024,706.3220221988794
ZONE_045,311.3020925996109
ZONE_020,425.8527784495543
ZONE_027,328.60977237492114
ZONE_038,663.8246921191743
ZONE_049,307.8046205307704
ZONE_015,281.3129990109367
ZONE_025,569.8199778774203
ZONE_047,492.3340758946076
ZONE_038,641.7899244382446
ZONE_007,377.6170535392367
ZONE_033,408.141311671475
ZONE_011,439.0001082422569
ZONE_045,290.6332017884639
ZONE_013,483.0088487669093
ZONE_048,472.8747188670029
ZONE_004,434.19639895618326
ZONE_048,374.9926310246194
ZONE_049,299.33914945630727
ZONE_030,517.6642882828984
ZONE_048,433.389763784611
ZONE_035,201.90881057488244
ZONE_021,348.38341789909896
ZONE_003,417.17567336973946
ZONE_006,552.9840097868575
ZONE_039,593.9613227138515
ZONE_039,458.68900955800933
ZONE_045,273.284702941568
ZONE_003,545.3199526702402
ZONE_016,659.0022947511623
ZONE_011,417.87079476411435
ZONE_008,539.733571688961
ZONE_026,463.7256652222146
ZONE_046,573.8601265981557
ZONE_010,524.4693308455625
ZONE_033,457.44786527375686
ZONE_034,553.3764697375105
ZONE_029,668.1966149731311
ZONE_019,370.7791943548098
ZONE_025,610.3779577619351
ZONE_022,466.0721113999358
ZONE_027,291.00132054898086
ZONE_039,445.9527407937008
ZONE_042,534.2690820113647
ZONE_038,734.9232101731609
ZONE_015,291.7510896939477
ZONE_027,303.6788952431124
ZONE_017,563.6561934258006
ZONE_001,579.0808307412474
ZONE_007,451.45512787084874
ZONE_041,370.3507811205098
ZONE_041,298.6358704568887
ZONE_019,313.81273799108675
ZONE_017,583.7968636068324
ZONE_007,438.5182920297828
ZONE_046,540.5476148389458
ZONE_032,592.498632561586
ZONE_039,529.831354755399
ZONE_025,522.5294933519418
ZONE_025,561.1596833769752
ZONE_017,556.0519479327154
ZONE_011,475.88712722766616
ZONE_020,361.79758973327444
ZONE_036,378.08214342345497
ZONE_038,665.155692968666
ZONE_006,521.7329101841252
ZONE_041,420.9522683771055
ZONE_044,587.0266148633527
ZONE_003,487.4715396096774
ZONE_041,315.991578775472
ZONE_045,288.60852999573035
ZONE_027,298.8751921604273
ZONE_003,473.0171526664784
ZONE_010,558.286436693201
ZONE_010,558.421563219136
ZONE_031,471.4869675270472
ZONE_006,538.9880347423955
ZONE_024,629.14312587854
ZONE_038,708.2157686084804
ZONE_048,355.2329064064512
ZONE_015,311.86445792780313
ZONE_015,282.797281341963
ZONE_003,419.95539995745827
ZONE_034,516.4566731103931
ZONE_047,462.4034719812859
ZONE_019,317.048527681059
ZONE_030,519.2341929023181
ZONE_034,552.4976857260212
ZONE_021,517.5550565928405
ZONE_003,494.43962579354445
ZONE_033,266.56632487459285
ZONE_017,564.8721313222602
ZONE_034,550.3307395978402
ZONE_040,516.3491018854104
ZONE_048,439.9266422996503
ZONE_034,492.2381090379941
ZONE_019,394.78875152160947
ZONE_001,537.7920371094863
ZONE_007,478.00338407802315
ZONE_022,410.6766712697223
ZONE_033,429.6614747073924
ZONE_037,250.5306299645655
ZONE_050,594.2112704483899
ZONE_006,587.6448393895257
ZONE_003,409.512240345274
ZONE_050,523.0195895866708
ZONE_035,281.2034444014307
ZONE_016,628.759492341573
ZONE_047,367.8490912278703
ZONE_026,468.0339763655557
ZONE_034,406.9835899197322
ZONE_035,247.99124326793563
ZONE_037,305.34062161013145
ZONE_040,544.6429062793144
ZONE_041,282.8958205672086
ZONE_043,398.91753696712226
ZONE_046,518.2732542667201
ZONE_005,586.5452845595034
ZONE_050,555.3616226475881
ZONE_018,369.61856434872874
ZONE_049,277.1372739881968
ZONE_041,379.19411046410477
ZONE_024,710.8951825787767
ZONE_030,463.6841509313071
ZONE_015,302.9144097313461
ZONE_018,451.6135021989844
ZONE_016,624.031670725875
ZONE_018,397.91088196853656
ZONE_027,322.6712321008218
ZONE_001,568.372019056489
ZONE_011,492.82257213311175
ZONE_039,529.9001244416024
ZONE_010,512.3649070066894
ZONE_009,464.61663482323974
ZONE_039,529.9581950629172
ZONE_017,598.3548875792115
ZONE_035,205.1643780146055
ZONE_035,261.77133738933355
ZONE_010,557.5538737568154
ZONE_033,384.5159213987229
ZONE_015,332.30545533954313
ZONE_009,446.5453095172402
ZONE_009,394.61088924172117
ZONE_027,393.4325351056066
ZONE_022,431.34469564943277
ZONE_039,592.4858092036084
ZONE_042,390.21056994486537
ZONE_045,303.134799890374
ZONE_032,661.8581413784837
ZONE_040,635.3474284597636
ZONE_017,560.324113737923
ZONE_001,532.7124599726607
ZONE_046,531.8080238570017
ZONE_047,443.0496888606585
ZONE_014,315.1229441701146
ZONE_031,447.47201323398804
ZONE_008,530.5212974496905
ZONE_013,331.96980293329585
ZONE_005,581.6683811124074
ZONE_028,277.24510516501874
ZONE_004,292.95936031515424
ZONE_048,333.33909775203756
ZONE_029,618.820301074436
ZONE_042,386.28396894898293
ZONE_044,535.860023487131
ZONE_011,416.4487968295132
ZONE_032,597.771341011799
ZONE_043,371.49001526511364
ZONE_014,412.40210423324635
ZONE_003,443.7434591413223
ZONE_007,440.2050712383568
ZONE_028,277.61669739318927
ZONE_046,499.6948181531384
ZONE_046,567.6219590399189
ZONE_033,364.63168373092253
ZONE_018,352.6362565154686
ZONE_029,611.9745003396722
ZONE_021,537.5819674871557
ZONE_034,395.04843563345224
ZONE_031,493.213796376729
ZONE_044,547.3873447239604
ZONE_014,344.6891894599807
ZONE_018,417.73675101363705
ZONE_045,308.3076745344064
ZONE_045,259.6084229952829
ZONE_038,626.7441263372403
ZONE_026,475.2941383541747
ZONE_025,639.466562153385
ZONE_002,537.6451682764421
ZONE_033,271.2936548273285
ZONE_044,545.7855833277516
ZONE_022,382.08215244641985
ZONE_037,220.37237081584786
ZONE_043,377.0230990917073
ZONE_040,493.24103762577755
ZONE_021,376.4418555219191
ZONE_002,504.68529500823223
ZONE_031,520.7634788872997
ZONE_006,540.5206740357152
ZONE_006,538.852466174429
ZONE_029,629.7554834408223
ZONE_023,447.47510690159214
ZONE_047,462.6912752004955
ZONE_034,564.6428091752027
ZONE_037,225.00221740795445
ZONE_007,413.30416884171086
ZONE_005,454.09438105383117
ZONE_047,399.6199843439243
ZONE_048,438.02852299519435
ZONE_030,447.03427730230294
ZONE_003,465.9163109036176
ZONE_015,284.2011334960814
ZONE_008,489.2688065606351
ZONE_031,462.76905866934715
ZONE_023,352.07297112900227
ZONE_016,674.6724700718887
ZONE_015,332.64303416858905
ZONE_026,538.9229132321236
ZONE_043,381.1901457093282
ZONE_049,348.42347222851794
ZONE_037,310.20173036848956
ZONE_029,601.2464979869054
ZONE_048,409.0499754980116
ZONE_019,359.06100101848443
ZONE_009,514.382992575165
ZONE_032,597.3269581921766
ZONE_020,349.8736005668574
ZONE_044,551.4118322181575
ZONE_011,435.92944871542517
ZONE_034,536.2194224329298
ZONE_032,665.9107312185834
ZONE_049,338.89836668401404
ZONE_001,598.346926109673
ZONE_039,551.0864974871702
ZONE_032,593.046906230351
ZONE_004,385.89018169396485
ZONE_004,368.4156335257922
ZONE_047,407.5285690283742
ZONE_023,429.38471574769187
ZONE_025,474.9787731449866
ZONE_036,462.95271088565875
ZONE_035,241.15020359011953
ZONE_019,431.1162191811256
ZONE_021,437.6605782030649
ZONE_020,346.78144425806545
ZONE_015,339.87917928210135
ZONE_044,591.6755135346534
ZONE_032,615.4336277327643
ZONE_033,380.64007788086974
ZONE_005,518.1807739185165
ZONE_047,488.9531724738734
ZONE_006,521.1457424435841
ZONE_034,411.7435858411467
ZONE_001,550.7983619848226
ZONE_043,411.8121727202468
ZONE_015,384.7428832817961
ZONE_039,550.5758922033372
ZONE_044,563.0953477414688
ZONE_001,528.4699421246978
ZONE_019,314.19999241582025
ZONE_022,455.8531165492133
ZONE_026,475.7512321313879
ZONE_006,630.0124068641338
ZONE_002,470.28913463675894
ZONE_047,440.6491403760423
ZONE_046,535.5467018613275
ZONE_040,621.4831835547837
ZONE_035,231.71415851390844
ZONE_050,546.3399417471988
ZONE_013,370.49777879446947
ZONE_021,505.585442070805
ZONE_041,365.4285738291561
ZONE_026,542.2634584971762
ZONE_004,330.36778904033395
ZONE_035,198.3730104556255
ZONE_004,411.1932207182267
ZONE_045,280.5797000434701
ZONE_029,670.6560329581189
ZONE_024,670.3957582300079
ZONE_023,357.9943903416755
ZONE_002,513.9415258826366
ZONE_010,496.3394939650134
ZONE_039,467.1229744856966
ZONE_005,497.35663650396936
ZONE_020,483.127508876762
ZONE_003,518.0047934948651
ZONE_038,623.1677743534925
ZONE_036,419.95828566415673
ZONE_036,398.31431476208456
ZONE_044,553.6531984679939
ZONE_016,563.4042357421663
ZONE_003,469.4704167767416
ZONE_029,676.458153330521
ZONE_028,287.8570987653504
ZONE_030,475.21560171417235
ZONE_042,530.212255486666
ZONE_001,542.7843000708215
ZONE_011,479.5389010558298
ZONE_008,496.31313871347595
ZONE_026,536.0187746226563
ZONE_016,583.830553080198
ZONE_027,283.361521628597
ZONE_028,379.4969811509073
ZONE_013,408.9165262986902
ZONE_041,419.3700743779108
ZONE_033,323.7375036451612
ZONE_017,538.079770143393
ZONE_033,436.8114632755924
ZONE_048,361.25093870778176
ZONE_048,347.00706813129415
ZONE_021,458.95458302848476
ZONE_045,222.5405765905198
ZONE_016,510.598367234943
ZONE_007,305.74107817231385
ZONE_031,476.1370480318185
ZONE_044,514.9026633029331
ZONE_026,469.48695940397954
ZONE_016,625.2189058538916
ZONE_016,547.2058879919041
ZONE_022,479.0049488435875
ZONE_041,444.92540087734005
ZONE_047,441.4235572142435
ZONE_017,481.34618287147293
ZONE_032,605.2316046062265
ZONE_025,523.1003677140235
ZONE_024,632.4973266224532
ZONE_037,262.1791145080003
ZONE_038,637.7436039598578
ZONE_009,464.87102787794555
ZONE_004,418.30677958782917
ZONE_047,326.87619412109893
ZONE_031,509.50762130049856
ZONE_006,542.3690379906299
ZONE_029,699.1314332140032
ZONE_045,255.21666247950037
ZONE_043,410.5545772187202
ZONE_001,560.2123450721002
ZONE_009,476.12781370502597
ZONE_001,554.5667413955453
ZONE_002,529.9021662598185
ZONE_049,349.2668393386485
ZONE_005,499.85876531414937
ZONE_030,484.5861859715718
ZONE_036,390.90563359155334
ZONE_048,381.41853792858166
ZONE_011,515.7779230380642
ZONE_018,502.1732275232928
ZONE_034,530.754892470424
ZONE_048,315.9127982917885
ZONE_006,493.46162057115595
ZONE_025,541.5137538025867
ZONE_025,569.4155777731072
ZONE_008,570.6290926548007
ZONE_025,496.89781284676445
ZONE_019,376.59046362028204
ZONE_047,469.4916845016641
ZONE_046,535.2297582410697
ZONE_033,318.5830729237706
ZONE_038,640.0926079783422
ZONE_050,566.6715586499105
ZONE_027,356.1605205637872
ZONE_030,393.7541741482764
ZONE_031,507.4514791352659
ZONE_033,285.58871290639183
ZONE_026,519.6424033287581
ZONE_050,519.0779197781669
ZONE_016,641.7245585175693
ZONE_026,409.6605792450103
ZONE_050,596.3941382874639
ZONE_044,552.6098125118338
ZONE_031,495.72935648046047
ZONE_031,512.1157680515087
ZONE_035,237.7503758645992
ZONE_004,362.8733345501652
ZONE_037,288.5298113975356
ZONE_008,484.690257134302
ZONE_006,515.3903251364885
ZONE_016,649.6121951263287
ZONE_016,706.3986627398248
ZONE_049,321.8540125547509
ZONE_044,522.0327224221262
ZONE_014,347.7367875913804
ZONE_046,556.4506284292437
ZONE_006,600.1754461224988
ZONE_018,447.68899969243125
ZONE_032,569.552272698348
ZONE_043,364.3208672241032
ZONE_044,483.5144639615781
ZONE_033,437.36860893858847
ZONE_032,647.1498780049742
ZONE_015,341.10893663475434
ZONE_036,357.2241694989091
ZONE_026,517.3864211538523
ZONE_031,484.4827334892769
ZONE_003,478.79789993678764
ZONE_040,615.2283186053933
ZONE_036,442.620787176166
ZONE_028,310.6776738019155
ZONE_030,476.0967404186974
ZONE_039,443.11301436667037
ZONE_035,283.7354022942618
ZONE_026,430.93217152275537
ZONE_007,327.5089985467828
ZONE_002,425.95796510374277
ZONE_029,675.7004331165431
ZONE_045,303.19199571403396
ZONE_047,329.5029881195393
ZONE_021,530.3610187915502
ZONE_004,384.26658540401536
ZONE_036,436.02532957223667
ZONE_014,379.9181081980647
ZONE_006,577.1554823076128
ZONE_050,535.6752677640054
ZONE_019,382.4783701421072
ZONE_010,550.3991613687066
ZONE_007,383.7743616242116
ZONE_026,468.0449803089288
ZONE_045,374.10311687136135
ZONE_032,573.004897648566
ZONE_016,708.0148736157441
ZONE_025,448.4364018633424
ZONE_024,667.6086448169705
ZONE_041,338.58155101704943
ZONE_024,708.9392133782883
ZONE_045,283.9719033978134
ZONE_002,449.7349702918276
ZONE_004,435.6998156064551
ZONE_026,472.69933922021477
ZONE_010,546.9249952219321
ZONE_033,481.1337284426101
ZONE_036,468.9351551082704
ZONE_016,620.6627864251265
ZONE_039,475.88292476486345
ZONE_021,465.09962082093034
ZONE_005,493.36154689009396
ZONE_045,292.49623150609136
ZONE_048,330.50001855351843
ZONE_006,557.6046265885279
ZONE_026,415.12921700219636
ZONE_019,363.6219540096624
ZONE_050,484.32947322021437
ZONE_043,407.7284557623892
ZONE_015,345.79054075786865
ZONE_023,441.9770401552082
ZONE_041,456.43695439803565
ZONE_019,278.4502276141945
ZONE_044,533.0323009712741
ZONE_014,331.04045225419765
ZONE_049,361.5805154407619
ZONE_018,410.56323293743696
ZONE_021,432.83278291972
ZONE_025,573.1282731604578
ZONE_003,472.1802377194493
ZONE_017,562.1271426821505
ZONE_015,308.18334862879425
ZONE_014,343.0178480935795
ZONE_035,238.54685221572055
ZONE_036,329.26767071432505
ZONE_015,326.38992411033433
ZONE_022,490.44618048462706
ZONE_049,286.34763207615424
ZONE_013,348.5420121508336
ZONE_016,680.389529162283
ZONE_017,565.9854182805316
ZONE_017,580.8348200986195
ZONE_006,578.7928386190129
ZONE_037,303.8915201487698
ZONE_028,247.13341967690508
ZONE_024,689.4262465740835
ZONE_008,505.0140267533923
ZONE_024,679.4164548287117
ZONE_004,419.32749109745083
ZONE_032,645.6585708302867
ZONE_003,416.9463276682372
ZONE_038,729.8241994323587
ZONE_024,693.0923323387642
ZONE_027,243.69412250352119
ZONE_023,411.76668189107323
ZONE_021,412.0735225596465
ZONE_020,569.902522988414
ZONE_003,452.22661123932363
ZONE_019,275.84653817843736
ZONE_040,632.0913794137642
ZONE_036,406.14345321382467
ZONE_001,505.60949541127366
ZONE_021,364.3974633564096
ZONE_050,595.5821739033322
ZONE_010,504.1284081705678
ZONE_030,414.8829417106468
ZONE_029,656.1943467200757
ZONE_003,466.97438733039894
ZONE_044,507.5888821725133
ZONE_012,359.1990408490609
ZONE_029,590.37345318858
ZONE_005,539.7257178466277
ZONE_020,412.49145328736404
ZONE_044,586.8413920481546
ZONE_013,467.6441158038407
ZONE_003,491.9660046930933
ZONE_018,389.3813251256794
ZONE_008,499.3183461304486
ZONE_039,591.5276927121665
ZONE_015,333.8896149569224
ZONE_017,560.2180600839886
ZONE_033,399.40455691148657
ZONE_016,628.0541654340791
ZONE_046,597.1806911970502
ZONE_042,468.0220503913825
ZONE_036,348.11557281380846
ZONE_004,440.5853885113402
ZONE_022,367.13630159932023
ZONE_006,520.4122773699929
ZONE_015,291.199703367715
ZONE_005,465.7403634667972
ZONE_015,375.1485905325457
ZONE_029,685.3760384192948
ZONE_020,407.07524912055595
ZONE_019,272.8615065491159
ZONE_003,474.18577767812525
ZONE_034,498.8607264060881
ZONE_032,599.815702168819
ZONE_030,470.4641441126369
ZONE_033,315.4731360365259
ZONE_035,237.74279884331688
ZONE_019,361.4742576995045
ZONE_001,508.7535826669996
ZONE_016,607.4170627775276
ZONE_001,529.8930605802558
ZONE_026,409.6179900204429
ZONE_043,387.65275737251096
ZONE_027,250.27862109258317
ZONE_046,580.1611562039286
ZONE_025,566.6275212200627
ZONE_019,339.50710736854563
ZONE_009,464.9747756354576
ZONE_047,470.7487384783539
ZONE_030,476.79480888498284
ZONE_045,294.5842356805725
ZONE_011,488.20129974569153
ZONE_029,616.4249848785988
ZONE_035,280.92490568302213
ZONE_017,599.1344934429525
ZONE_037,286.52987177518304
ZONE_028,255.94443200788837
ZONE_046,524.9705175577415
ZONE_034,500.4651954126724
ZONE_002,487.22862380152736
ZONE_013,409.51079064249296
ZONE_021,516.6569414349725
ZONE_042,414.6176943885559
ZONE_023,405.05283911814286
ZONE_038,662.4133624632209
ZONE_003,432.3652454929605
ZONE_012,437.85073508755727
ZONE_019,379.84302871171656
ZONE_005,545.5436259590168
ZONE_034,491.2007330208889
ZONE_042,526.700214435143
ZONE_043,397.45944191216427
ZONE_033,378.7234913656627
ZONE_033,436.44518285912704
ZONE_009,438.8249179168637
ZONE_028,306.4496727359467
ZONE_003,408.0564497359695
ZONE_030,395.8266555221143
ZONE_021,504.69420551321826
ZONE_019,379.9358089046534
ZONE_046,560.8615351932463
ZONE_032,527.2061270028785
ZONE_047,438.73114275663494
ZONE_026,489.1364884602372
ZONE_003,472.88800383075795
ZONE_011,441.4147047550874
ZONE_025,552.5958649198924
ZONE_039,506.7270041131386
ZONE_010,463.6611545644721
ZONE_045,241.9982967951616
ZONE_001,494.91018232323563
ZONE_047,460.16092733387484
ZONE_050,511.5832821847494
ZONE_007,435.69247632069823
ZONE_017,555.3615458758152
ZONE_033,322.5215688965956
ZONE_047,436.7003285744867
ZONE_030,478.49191612019473
ZONE_031,515.0632798950039
ZONE_027,402.24815489404386
ZONE_038,698.2552896779931
ZONE_031,501.0099467941949
ZONE_048,378.73507562807384
ZONE_026,510.9670008674811
ZONE_018,491.50605286132935
ZONE_044,613.2092779182406
ZONE_009,469.57421156929706
ZONE_028,355.6786224027349
ZONE_023,389.5515759171534
ZONE_007,384.2711072625648
ZONE_048,374.94455106385334
ZONE_026,475.9155231804998
ZONE_021,503.6939745142722
ZONE_048,377.59130045437684
ZONE_032,597.6184733116104
ZONE_029,701.8611467453085
ZONE_035,241.72779017697871
ZONE_027,272.99133409113415
ZONE_047,475.86401244302635
ZONE_004,361.6611927275619
ZONE_031,472.4372054745444
ZONE_011,462.5398406653216
ZONE_034,461.9214963468624
ZONE_045,320.69909491819107
ZONE_046,552.3843809692019
ZONE_013,393.51779571986174
ZONE_001,578.4906445737009
ZONE_020,480.60214001300614
ZONE_034,531.0246260482556
ZONE_031,491.54476376604225
ZONE_042,528.3509928376558
ZONE_027,407.67386955645503
ZONE_027,349.6193893220245
ZONE_026,356.9422377373544
ZONE_015,325.9807534480477
ZONE_027,404.5005813021611
ZONE_042,525.1242576763666
ZONE_039,564.5971750128791
ZONE_001,555.0835366547584
ZONE_027,353.79625439013586
ZONE_009,409.8901101476108
ZONE_030,464.4212563971507
ZONE_012,358.86717270028095
ZONE_009,395.37131976409927
ZONE_004,439.10443482871966
ZONE_031,451.3087437715195
ZONE_049,323.1794205046313
ZONE_040,603.3083240993221
ZONE_003,477.4012226409053
ZONE_017,574.3454674646666
ZONE_034,552.5495023298959
ZONE_042,449.20210325496527
ZONE_032,566.659987056022
ZONE_039,545.3515286810593
ZONE_044,493.60245323258584
ZONE_041,447.96239356970733
ZONE_043,365.22157646437677
ZONE_045,295.2293867485333
ZONE_002,513.9211769642836
ZONE_011,463.06889256682604
ZONE_008,438.47637096901747
ZONE_035,177.03539866321134
ZONE_037,287.52013757937624
ZONE_027,334.7824848935785
ZONE_029,642.2999601863803
ZONE_009,372.5763361322247
ZONE_009,406.38957206560883
ZONE_017,620.4354906272395
ZONE_002,529.074677998676
ZONE_022,488.3809098734305
ZONE_017,594.913996257905
ZONE_002,462.63170953488225
ZONE_024,645.7661448986444
ZONE_038,662.7738826697848
ZONE_026,543.7061901925266
ZONE_017,525.0943755095586
ZONE_003,429.74273529364547
ZONE_022,470.4739799040428
ZONE_033,412.78901033270745
ZONE_006,561.2605129714052
ZONE_042,517.390295323141
ZONE_040,633.4940493785971
ZONE_012,405.7316944711539
ZONE_017,557.965786527635
ZONE_033,309.93638947832835
ZONE_039,534.3219525743904
ZONE_043,355.3960937081683
ZONE_048,315.2109666792819
ZONE_049,305.4658410418958
ZONE_025,532.4436553672706
ZONE_032,545.8971747684129
ZONE_014,385.95400048409704
ZONE_032,638.4674137792342
ZONE_046,497.6067551792354
ZONE_032,633.4785016877039
ZONE_006,556.2796346887958
ZONE_030,506.4969575659516
ZONE_034,521.0092185276249
ZONE_012,392.1877204974239
ZONE_048,435.2568874990027
ZONE_050,470.21118573731445
ZONE_038,617.633015440948
ZONE_046,556.4850838012027
ZONE_021,522.7227334883759
ZONE_046,604.1882081412183
ZONE_039,472.38294222530544
ZONE_009,403.1398420820384
ZONE_013,424.66480039566244
ZONE_040,527.0003105590571
ZONE_013,405.86477290853094
ZONE_037,274.1899060316257
ZONE_046,526.7937970922227
ZONE_019,372.8288190461011
ZONE_007,351.7331046986043
ZONE_033,482.4647185130808
ZONE_049,335.9168062410281
ZONE_011,458.06968917046913
ZONE_010,461.9632169413802
ZONE_014,336.8939234787478
ZONE_011,492.5936831266443
ZONE_021,406.52543129963385
ZONE_047,444.6578703851012
ZONE_041,366.9204240434639
ZONE_039,470.5599086188967
ZONE_039,582.6781740806308
ZONE_011,480.00686996934127
ZONE_027,346.12568601797096
ZONE_041,442.7307058622841
ZONE_024,708.6430706867561
ZONE_001,519.9258377863939
ZONE_014,345.2278377580103
ZONE_037,271.6479559114719
ZONE_027,381.8773126990665
ZONE_050,633.3807236702703
ZONE_010,565.7047613958589
ZONE_032,634.076321297839
ZONE_011,487.797223127024
ZONE_030,468.27210115201893
ZONE_050,482.26126244077744
ZONE_015,302.62875118174475
ZONE_036,403.3298232323349
ZONE_001,498.64817896664
ZONE_022,433.3547357909797
ZONE_010,547.3182322716821
ZONE_030,479.9734208794816
ZONE_044,550.4320072027674
ZONE_024,661.3028176382161
ZONE_007,369.68192532953833
ZONE_033,375.2729287739365
ZONE_012,464.3512711287585
ZONE_037,235.98047729260384
ZONE_014,300.96527239709013
ZONE_017,567.6090687351335
ZONE_009,471.7541241361368
ZONE_047,459.58547462793024
ZONE_042,390.6538163738625
ZONE_024,656.5292988569298
ZONE_010,490.0786360099519
ZONE_026,494.12774272947047
ZONE_004,427.7984297569606
ZONE_004,366.75392836647006
ZONE_027,276.2209454164877
ZONE_015,323.73787943752006
ZONE_015,319.03227193641544
ZONE_012,388.56324179858234
ZONE_031,563.9522377866365
ZONE_049,310.94321300389794
ZONE_042,395.576429626208
ZONE_012,509.44888438721716
ZONE_035,230.80282723087683
ZONE_010,482.73339887021854
ZONE_020,412.51029659585964
ZONE_049,262.6905043255423
ZONE_023,479.96463059405374
ZONE_024,610.4447604727113
ZONE_016,625.0744969585563
ZONE_003,404.4520893665325
ZONE_007,440.2489248191937
ZONE_048,437.3523894941806
ZONE_003,472.53168135108405
ZONE_026,459.18994884758206
ZONE_015,263.0646258307199
ZONE_002,527.7948967097199
ZONE_012,390.9437876667738
ZONE_031,458.38447285251647
ZONE_006,540.5604987908649
ZONE_032,601.9238382829512
ZONE_007,366.8158135479852
ZONE_047,458.9360574771375
ZONE_032,595.4797728715843
ZONE_025,581.2123912192992
ZONE_050,590.553337218146
ZONE_015,285.3057046783756
ZONE_019,382.8322063707539
ZONE_039,581.3909339070898
ZONE_037,254.34613031001663
ZONE_020,465.5706086124618
ZONE_020,500.2566721668294
ZONE_048,359.3978900495865
ZONE_014,281.66183612644613
ZONE_026,528.557365632362
ZONE_006,535.13750516995
ZONE_007,426.81763618653173
ZONE_010,549.6618657556843
ZONE_026,487.4145695914148
ZONE_009,394.8161377880892
ZONE_004,443.65217566108805
ZONE_023,469.59204580725805
ZONE_011,479.3803043850261
ZONE_025,606.9938077176333
ZONE_033,437.5653610115577
ZONE_008,527.3333994836427
ZONE_011,466.0768396403182
ZONE_030,392.4994604131153
ZONE_022,389.69754876252
ZONE_003,445.3328756584158
ZONE_035,273.1253807057549
ZONE_006,603.9616409985832
ZONE_038,647.8165695225739
ZONE_020,416.84901476115175
ZONE_044,615.79687161242
ZONE_041,370.8097822517448
ZONE_013,370.73085971146605
ZONE_029,602.3908483097341
ZONE_037,315.1918104630083
ZONE_030,494.4276867244501
ZONE_039,508.7015199451647
ZONE_021,432.34676609266864
ZONE_020,548.9699605207672
ZONE_019,378.6978249860829
ZONE_025,586.658136446013
ZONE_034,573.3378886898979
ZONE_040,627.847848576287
ZONE_004,324.11253789281045
ZONE_013,432.1042551008821
ZONE_050,570.3194683649089
ZONE_003,398.0392889826247
ZONE_011,491.03289228966344
ZONE_037,296.9758677174598
ZONE_048,358.8034757746616
ZONE_020,374.25879304723065
ZONE_034,530.5769409501052
ZONE_008,563.3408820126803
ZONE_014,347.54237419200115
ZONE_042,527.7122777725865
ZONE_023,363.7318403945186
ZONE_006,573.7290442627321
ZONE_008,473.95568748459374
ZONE_014,355.36752254148485
ZONE_022,433.1672835953989
ZONE_022,456.8882320954746
ZONE_026,541.6875924168555
ZONE_011,475.5454809207598
ZONE_014,304.0116067855658
ZONE_018,398.3427298557153
ZONE_008,521.0080697445069
ZONE_050,545.958802593292
ZONE_011,461.19227535457156
ZONE_043,356.5769372052881
ZONE_034,543.9633088664737
ZONE_002,529.927752491774
ZONE_018,496.19888754841236
ZONE_012,396.1253681818179
ZONE_003,471.15215425588127
ZONE_021,360.34867936214164
ZONE_019,398.54002378105093
ZONE_004,442.00094956817344
ZONE_034,539.8133454349329
ZONE_014,359.76405194017934
ZONE_048,470.5683309575606
ZONE_026,479.2887673034729
ZONE_028,324.1201232319439
ZONE_017,515.9265657795148
ZONE_020,511.7562770643134
ZONE_016,707.2666743590797
ZONE_050,470.84631818824886
ZONE_027,333.4690526954829
ZONE_019,376.3105857033206
ZONE_022,403.53827019523226
ZONE_003,472.1607195280254
ZONE_032,588.0508189930804
ZONE_013,416.1688534434589
ZONE_013,398.1696419167204
ZONE_026,454.022518477827
ZONE_035,284.7932814124917
ZONE_043,360.51491726469203
ZONE_014,328.10955210702065
ZONE_035,284.493069592427
ZONE_020,389.5344310883562
ZONE_010,591.9450626203495
ZONE_020,402.3331662273462
ZONE_023,357.12868766406876
ZONE_009,451.9056921889259
ZONE_011,502.4211606045546
ZONE_016,572.2463590991258
ZONE_043,395.5366815687519
ZONE_021,360.89066133023124
ZONE_012,406.381836425582
ZONE_005,537.5699466844721
ZONE_042,383.32670556348717
ZONE_002,505.90797143971326
ZONE_016,631.1546291878601
ZONE_008,493.07683165994086
ZONE_049,290.24694396129877
ZONE_038,575.155737500557
ZONE_018,410.2877975632984
ZONE_006,543.2118590847601
ZONE_031,458.28975937387776
ZONE_004,360.43609189310814
ZONE_013,403.0241694294454
ZONE_024,544.8480752538437
ZONE_048,435.483279562237
ZONE_010,558.6303482607744
ZONE_038,734.8428875045097
ZONE_045,214.70433670756597
ZONE_012,422.27480235233304
ZONE_003,410.93935769248225
ZONE_018,473.17676393682365
ZONE_048,310.9723098158308
ZONE_030,405.5380731007473
ZONE_047,445.9389936446362
ZONE_025,579.0931672030044
ZONE_001,598.4862467485244
ZONE_006,536.5091791586838
ZONE_047,347.930954610155
ZONE_037,255.29925865790352
ZONE_045,246.20706135467816
ZONE_034,542.3229475673448
ZONE_015,365.21201710015833
ZONE_014,326.79790749360535
ZONE_041,336.004574740365
ZONE_041,376.66802572726397
ZONE_006,596.0503941483064
ZONE_041,450.72951041443724
ZONE_046,568.9221594110538
ZONE_037,323.13474527154483
ZONE_002,542.137054574367
ZONE_006,546.9290845714785
ZONE_031,479.36267742620424
ZONE_012,393.0363679497583
ZONE_001,580.7448228672844
ZONE_035,223.53533628562298
ZONE_023,342.0096546188422
ZONE_019,311.31624806990635
ZONE_006,647.3820950446939
ZONE_002,537.3989791501634
ZONE_023,405.7835078905287
ZONE_045,214.14911052302602
ZONE_050,531.2850334277074
ZONE_028,277.77047884249566
ZONE_022,413.6186533399957
ZONE_036,397.78234003523045
ZONE_002,487.64533940124335
ZONE_017,637.5133272985456
ZONE_035,210.96041887167675
ZONE_047,530.5881665010456
ZONE_011,467.40961916701156
ZONE_022,402.88085042044446
ZONE_009,473.65706381671566
ZONE_002,527.3287665616396
ZONE_006,617.0873661229791
ZONE_037,242.762972327657
ZONE_044,560.4546922576451
ZONE_045,285.09389396500325
ZONE_011,373.11407008929064
ZONE_011,452.26612239716746
ZONE_042,564.7207043635576
ZONE_022,410.39485781995944
ZONE_037,269.4974623001971
ZONE_005,495.89315235737627
ZONE_025,510.5688040218671
ZONE_006,624.079101222736
ZONE_009,482.83253508343194
ZONE_044,583.6331896164901
ZONE_003,443.4584353145324
ZONE_026,545.3020686028433
ZONE_017,574.0017172346022
ZONE_015,352.5331765053738
ZONE_003,513.2754291470817
ZONE_029,672.889639125699
ZONE_029,688.2994473710364
ZONE_031,489.9869806080037
ZONE_019,414.0015830676709
ZONE_040,628.9408887080127
ZONE_037,289.6422806773248
ZONE_006,536.6631153955427
ZONE_001,505.0774142085667
ZONE_010,385.84211062918746
ZONE_009,412.4441138327722
ZONE_045,167.1829498305013
ZONE_042,448.6015621729715
ZONE_039,539.6050652993102
ZONE_015,331.511317690132
ZONE_021,493.5410684802133
ZONE_042,390.2081549117192
ZONE_028,280.23735396093036
ZONE_020,443.80004873049495
ZONE_049,314.74141370489394
ZONE_033,391.9034123984331
ZONE_048,304.0900590938783
ZONE_033,407.4946699416542
ZONE_045,323.85977046257466
ZONE_035,248.84606091689227
ZONE_004,397.54283878121294
ZONE_028,227.5303612292479
ZONE_046,514.0406160989256
ZONE_044,507.06611510495736
ZONE_036,398.2343934461567
ZONE_021,415.6178083255118
ZONE_005,437.2578391882547
ZONE_014,352.8323013073475
ZONE_012,468.09080878672205
ZONE_006,577.2368386015905
ZONE_027,295.7090220851802
ZONE_036,400.5251249099305
ZONE_012,391.6111998034529
ZONE_001,496.6224528395394
ZONE_006,538.2200427942281
ZONE_024,744.4090977272731
ZONE_017,547.8329203329774
ZONE_035,225.5586209539103
ZONE_005,529.1550475888646
ZONE_039,481.1077576619289
ZONE_009,455.85176549550107
ZONE_042,542.7949849538396
ZONE_016,624.8038983592927
ZONE_008,424.61281588889585
ZONE_018,360.06192782912365
ZONE_031,488.6196278740296
ZONE_018,423.07156223484196
ZONE_046,554.4659096101633
ZONE_047,440.6537768627653
ZONE_042,348.01880104346696
ZONE_022,394.9107032067191
ZONE_024,606.2354766345237
ZONE_020,484.45916201099703
ZONE_050,494.20544900148843
ZONE_020,494.668346532897
ZONE_050,541.5262669042224
ZONE_017,608.754571588634
ZONE_002,533.6880261773815
ZONE_046,585.6614246022232
ZONE_034,522.2502490960593
ZONE_038,601.3148927018538
ZONE_016,536.1883554305356
ZONE_039,580.8120724410095
ZONE_027,265.233447915906
ZONE_004,318.22232109954217
ZONE_018,400.38651924757147
ZONE_010,513.0577630659216
ZONE_002,552.1210583580835
ZONE_018,358.80474875902223
ZONE_031,452.2063092335765
ZONE_036,412.05175006382507
ZONE_040,528.9058618272776
ZONE_026,462.10428106388616
ZONE_043,379.5919562694747
ZONE_012,470.4887156860087
ZONE_003,357.47987200984664
ZONE_038,740.4283286796542
ZONE_030,521.928325369339
ZONE_036,394.9583007211323
ZONE_018,499.64547998828544
ZONE_013,457.9273752388692
ZONE_003,491.76136537941943
ZONE_004,358.31539492538656
ZONE_012,385.2662554824029
ZONE_047,446.3556127254757
ZONE_011,514.5716185527596
ZONE_011,382.7495965387814
ZONE_043,405.9945701281621
ZONE_045,268.25827066270546
ZONE_047,441.261696538284
ZONE_021,532.5878635317487
ZONE_023,401.7701386109371
ZONE_047,489.7250047560749
ZONE_017,593.1053731771245
ZONE_001,511.4371118217872
ZONE_038,711.5480324688641
ZONE_032,602.8374664246568
ZONE_007,374.01691958438164
ZONE_014,339.8729297941469
ZONE_001,486.0278399179208
ZONE_038,651.2175087630218
ZONE_050,618.726458015678
ZONE_009,459.5224196796226
ZONE_030,462.1301798823739
ZONE_034,507.6572345887769
ZONE_026,550.196458034793
ZONE_017,589.5686133563732
ZONE_022,416.10425182378475
ZONE_043,411.07937468147816
ZONE_019,399.56129918183825
ZONE_013,441.8936113425191
ZONE_016,629.681446369214
ZONE_044,586.6651939789203
ZONE_028,289.4953547898691
ZONE_041,457.5470976163777
ZONE_040,653.5688566058903
ZONE_046,490.71173064820056
ZONE_018,410.5222421627405
ZONE_041,419.90565503443287
ZONE_012,463.67375937064986
ZONE_017,662.4545298318168
ZONE_047,466.9094338262958
ZONE_019,312.14301953105246
ZONE_042,471.3261229316684
ZONE_036,451.9525812543567
ZONE_037,208.26153320858205
ZONE_039,471.3549839029742
ZONE_019,381.1537324794201
ZONE_044,579.9172624404723
ZONE_024,640.3053700959294
ZONE_027,342.85692279954577
ZONE_037,267.18911028173204
ZONE_001,580.9292701626213
ZONE_037,306.49122043517497
ZONE_048,365.60007741404365
ZONE_020,402.3470538337268
ZONE_045,294.56076560427294
ZONE_026,525.294750615076
ZONE_039,491.23061916437126
ZONE_003,365.7668681201918
ZONE_012,471.2908531429904
ZONE_033,372.94308829197223
ZONE_024,714.8976786796535
